run_id,combo_id,name,target,field,value
01KXPMQEHK6WCFA17CG5BXHR0B,b8006268815a7f37,co.op-add__co.cat-undefined__co.vd-height__MACCITY.tax-cycle__MACCITY.tint-linear__MACCITY.map-bilinear,co,operation,add
01KXPMQEHK6WCFA17CG5BXHR0B,b8006268815a7f37,co.op-add__co.cat-undefined__co.vd-height__MACCITY.tax-cycle__MACCITY.tint-linear__MACCITY.map-bilinear,co,category,undefined
01KXPMQEHK6WCFA17CG5BXHR0B,b8006268815a7f37,co.op-add__co.cat-undefined__co.vd-height__MACCITY.tax-cycle__MACCITY.tint-linear__MACCITY.map-bilinear,co,vdist_method,height
01KXPMQEHK6WCFA17CG5BXHR0B,b8006268815a7f37,co.op-add__co.cat-undefined__co.vd-height__MACCITY.tax-cycle__MACCITY.tint-linear__MACCITY.map-bilinear,MACCITY,taxmode,cycle
01KXPMQEHK6WCFA17CG5BXHR0B,b8006268815a7f37,co.op-add__co.cat-undefined__co.vd-height__MACCITY.tax-cycle__MACCITY.tint-linear__MACCITY.map-bilinear,MACCITY,tintalgo,linear
01KXPMQEHK6WCFA17CG5BXHR0B,b8006268815a7f37,co.op-add__co.cat-undefined__co.vd-height__MACCITY.tax-cycle__MACCITY.tint-linear__MACCITY.map-bilinear,MACCITY,mapalgo,bilinear
01KXPMQEHK6WCFA17CG5BXHR0B,7c5ed1b8b70ca078,co.op-add__co.cat-undefined__co.vd-height__MACCITY.tax-cycle__MACCITY.tint-linear__MACCITY.map-consd,co,operation,add
01KXPMQEHK6WCFA17CG5BXHR0B,7c5ed1b8b70ca078,co.op-add__co.cat-undefined__co.vd-height__MACCITY.tax-cycle__MACCITY.tint-linear__MACCITY.map-consd,co,category,undefined
01KXPMQEHK6WCFA17CG5BXHR0B,7c5ed1b8b70ca078,co.op-add__co.cat-undefined__co.vd-height__MACCITY.tax-cycle__MACCITY.tint-linear__MACCITY.map-consd,co,vdist_method,height
01KXPMQEHK6WCFA17CG5BXHR0B,7c5ed1b8b70ca078,co.op-add__co.cat-undefined__co.vd-height__MACCITY.tax-cycle__MACCITY.tint-linear__MACCITY.map-consd,MACCITY,taxmode,cycle
01KXPMQEHK6WCFA17CG5BXHR0B,7c5ed1b8b70ca078,co.op-add__co.cat-undefined__co.vd-height__MACCITY.tax-cycle__MACCITY.tint-linear__MACCITY.map-consd,MACCITY,tintalgo,linear
01KXPMQEHK6WCFA17CG5BXHR0B,7c5ed1b8b70ca078,co.op-add__co.cat-undefined__co.vd-height__MACCITY.tax-cycle__MACCITY.tint-linear__MACCITY.map-consd,MACCITY,mapalgo,consd
01KXPMQEHK6WCFA17CG5BXHR0B,61352f20c04af00f,co.op-add__co.cat-undefined__co.vd-height__MACCITY.tax-cycle__MACCITY.tint-linear__MACCITY.map-conss,co,operation,add
01KXPMQEHK6WCFA17CG5BXHR0B,61352f20c04af00f,co.op-add__co.cat-undefined__co.vd-height__MACCITY.tax-cycle__MACCITY.tint-linear__MACCITY.map-conss,co,category,undefined
01KXPMQEHK6WCFA17CG5BXHR0B,61352f20c04af00f,co.op-add__co.cat-undefined__co.vd-height__MACCITY.tax-cycle__MACCITY.tint-linear__MACCITY.map-conss,co,vdist_method,height
01KXPMQEHK6WCFA17CG5BXHR0B,61352f20c04af00f,co.op-add__co.cat-undefined__co.vd-height__MACCITY.tax-cycle__MACCITY.tint-linear__MACCITY.map-conss,MACCITY,taxmode,cycle
01KXPMQEHK6WCFA17CG5BXHR0B,61352f20c04af00f,co.op-add__co.cat-undefined__co.vd-height__MACCITY.tax-cycle__MACCITY.tint-linear__MACCITY.map-conss,MACCITY,tintalgo,linear
01KXPMQEHK6WCFA17CG5BXHR0B,61352f20c04af00f,co.op-add__co.cat-undefined__co.vd-height__MACCITY.tax-cycle__MACCITY.tint-linear__MACCITY.map-conss,MACCITY,mapalgo,conss
01KXPMQEHK6WCFA17CG5BXHR0B,81640bc561c89aee,co.op-add__co.cat-undefined__co.vd-height__MACCITY.tax-cycle__MACCITY.tint-linear__MACCITY.map-cubic,co,operation,add
01KXPMQEHK6WCFA17CG5BXHR0B,81640bc561c89aee,co.op-add__co.cat-undefined__co.vd-height__MACCITY.tax-cycle__MACCITY.tint-linear__MACCITY.map-cubic,co,category,undefined
01KXPMQEHK6WCFA17CG5BXHR0B,81640bc561c89aee,co.op-add__co.cat-undefined__co.vd-height__MACCITY.tax-cycle__MACCITY.tint-linear__MACCITY.map-cubic,co,vdist_method,height
01KXPMQEHK6WCFA17CG5BXHR0B,81640bc561c89aee,co.op-add__co.cat-undefined__co.vd-height__MACCITY.tax-cycle__MACCITY.tint-linear__MACCITY.map-cubic,MACCITY,taxmode,cycle
01KXPMQEHK6WCFA17CG5BXHR0B,81640bc561c89aee,co.op-add__co.cat-undefined__co.vd-height__MACCITY.tax-cycle__MACCITY.tint-linear__MACCITY.map-cubic,MACCITY,tintalgo,linear
01KXPMQEHK6WCFA17CG5BXHR0B,81640bc561c89aee,co.op-add__co.cat-undefined__co.vd-height__MACCITY.tax-cycle__MACCITY.tint-linear__MACCITY.map-cubic,MACCITY,mapalgo,cubic
01KXPMQEHK6WCFA17CG5BXHR0B,135628e826f25ca1,co.op-add__co.cat-undefined__co.vd-height__MACCITY.tax-cycle__MACCITY.tint-linear__MACCITY.map-nn,co,operation,add
01KXPMQEHK6WCFA17CG5BXHR0B,135628e826f25ca1,co.op-add__co.cat-undefined__co.vd-height__MACCITY.tax-cycle__MACCITY.tint-linear__MACCITY.map-nn,co,category,undefined
01KXPMQEHK6WCFA17CG5BXHR0B,135628e826f25ca1,co.op-add__co.cat-undefined__co.vd-height__MACCITY.tax-cycle__MACCITY.tint-linear__MACCITY.map-nn,co,vdist_method,height
01KXPMQEHK6WCFA17CG5BXHR0B,135628e826f25ca1,co.op-add__co.cat-undefined__co.vd-height__MACCITY.tax-cycle__MACCITY.tint-linear__MACCITY.map-nn,MACCITY,taxmode,cycle
01KXPMQEHK6WCFA17CG5BXHR0B,135628e826f25ca1,co.op-add__co.cat-undefined__co.vd-height__MACCITY.tax-cycle__MACCITY.tint-linear__MACCITY.map-nn,MACCITY,tintalgo,linear
01KXPMQEHK6WCFA17CG5BXHR0B,135628e826f25ca1,co.op-add__co.cat-undefined__co.vd-height__MACCITY.tax-cycle__MACCITY.tint-linear__MACCITY.map-nn,MACCITY,mapalgo,nn
01KXPMQEHK6WCFA17CG5BXHR0B,47ddde768798a862,co.op-add__co.cat-undefined__co.vd-height__MACCITY.tax-cycle__MACCITY.tint-linear__MACCITY.map-passthrough,co,operation,add
01KXPMQEHK6WCFA17CG5BXHR0B,47ddde768798a862,co.op-add__co.cat-undefined__co.vd-height__MACCITY.tax-cycle__MACCITY.tint-linear__MACCITY.map-passthrough,co,category,undefined
01KXPMQEHK6WCFA17CG5BXHR0B,47ddde768798a862,co.op-add__co.cat-undefined__co.vd-height__MACCITY.tax-cycle__MACCITY.tint-linear__MACCITY.map-passthrough,co,vdist_method,height
01KXPMQEHK6WCFA17CG5BXHR0B,47ddde768798a862,co.op-add__co.cat-undefined__co.vd-height__MACCITY.tax-cycle__MACCITY.tint-linear__MACCITY.map-passthrough,MACCITY,taxmode,cycle
01KXPMQEHK6WCFA17CG5BXHR0B,47ddde768798a862,co.op-add__co.cat-undefined__co.vd-height__MACCITY.tax-cycle__MACCITY.tint-linear__MACCITY.map-passthrough,MACCITY,tintalgo,linear
01KXPMQEHK6WCFA17CG5BXHR0B,47ddde768798a862,co.op-add__co.cat-undefined__co.vd-height__MACCITY.tax-cycle__MACCITY.tint-linear__MACCITY.map-passthrough,MACCITY,mapalgo,passthrough
01KXPMQEHK6WCFA17CG5BXHR0B,c6e11a7fe177e11d,co.op-add__co.cat-undefined__co.vd-height__MACCITY.tax-cycle__MACCITY.tint-nearest__MACCITY.map-bilinear,co,operation,add
01KXPMQEHK6WCFA17CG5BXHR0B,c6e11a7fe177e11d,co.op-add__co.cat-undefined__co.vd-height__MACCITY.tax-cycle__MACCITY.tint-nearest__MACCITY.map-bilinear,co,category,undefined
01KXPMQEHK6WCFA17CG5BXHR0B,c6e11a7fe177e11d,co.op-add__co.cat-undefined__co.vd-height__MACCITY.tax-cycle__MACCITY.tint-nearest__MACCITY.map-bilinear,co,vdist_method,height
01KXPMQEHK6WCFA17CG5BXHR0B,c6e11a7fe177e11d,co.op-add__co.cat-undefined__co.vd-height__MACCITY.tax-cycle__MACCITY.tint-nearest__MACCITY.map-bilinear,MACCITY,taxmode,cycle
01KXPMQEHK6WCFA17CG5BXHR0B,c6e11a7fe177e11d,co.op-add__co.cat-undefined__co.vd-height__MACCITY.tax-cycle__MACCITY.tint-nearest__MACCITY.map-bilinear,MACCITY,tintalgo,nearest
01KXPMQEHK6WCFA17CG5BXHR0B,c6e11a7fe177e11d,co.op-add__co.cat-undefined__co.vd-height__MACCITY.tax-cycle__MACCITY.tint-nearest__MACCITY.map-bilinear,MACCITY,mapalgo,bilinear
01KXPMQEHK6WCFA17CG5BXHR0B,dada979a9dcc3f3b,co.op-add__co.cat-undefined__co.vd-height__MACCITY.tax-cycle__MACCITY.tint-nearest__MACCITY.map-consd,co,operation,add
01KXPMQEHK6WCFA17CG5BXHR0B,dada979a9dcc3f3b,co.op-add__co.cat-undefined__co.vd-height__MACCITY.tax-cycle__MACCITY.tint-nearest__MACCITY.map-consd,co,category,undefined
01KXPMQEHK6WCFA17CG5BXHR0B,dada979a9dcc3f3b,co.op-add__co.cat-undefined__co.vd-height__MACCITY.tax-cycle__MACCITY.tint-nearest__MACCITY.map-consd,co,vdist_method,height
01KXPMQEHK6WCFA17CG5BXHR0B,dada979a9dcc3f3b,co.op-add__co.cat-undefined__co.vd-height__MACCITY.tax-cycle__MACCITY.tint-nearest__MACCITY.map-consd,MACCITY,taxmode,cycle
01KXPMQEHK6WCFA17CG5BXHR0B,dada979a9dcc3f3b,co.op-add__co.cat-undefined__co.vd-height__MACCITY.tax-cycle__MACCITY.tint-nearest__MACCITY.map-consd,MACCITY,tintalgo,nearest
01KXPMQEHK6WCFA17CG5BXHR0B,dada979a9dcc3f3b,co.op-add__co.cat-undefined__co.vd-height__MACCITY.tax-cycle__MACCITY.tint-nearest__MACCITY.map-consd,MACCITY,mapalgo,consd
01KXPMQEHK6WCFA17CG5BXHR0B,b96d6fa6e3e739e9,co.op-add__co.cat-undefined__co.vd-height__MACCITY.tax-cycle__MACCITY.tint-nearest__MACCITY.map-conss,co,operation,add
01KXPMQEHK6WCFA17CG5BXHR0B,b96d6fa6e3e739e9,co.op-add__co.cat-undefined__co.vd-height__MACCITY.tax-cycle__MACCITY.tint-nearest__MACCITY.map-conss,co,category,undefined
01KXPMQEHK6WCFA17CG5BXHR0B,b96d6fa6e3e739e9,co.op-add__co.cat-undefined__co.vd-height__MACCITY.tax-cycle__MACCITY.tint-nearest__MACCITY.map-conss,co,vdist_method,height
01KXPMQEHK6WCFA17CG5BXHR0B,b96d6fa6e3e739e9,co.op-add__co.cat-undefined__co.vd-height__MACCITY.tax-cycle__MACCITY.tint-nearest__MACCITY.map-conss,MACCITY,taxmode,cycle
01KXPMQEHK6WCFA17CG5BXHR0B,b96d6fa6e3e739e9,co.op-add__co.cat-undefined__co.vd-height__MACCITY.tax-cycle__MACCITY.tint-nearest__MACCITY.map-conss,MACCITY,tintalgo,nearest
01KXPMQEHK6WCFA17CG5BXHR0B,b96d6fa6e3e739e9,co.op-add__co.cat-undefined__co.vd-height__MACCITY.tax-cycle__MACCITY.tint-nearest__MACCITY.map-conss,MACCITY,mapalgo,conss
01KXPMQEHK6WCFA17CG5BXHR0B,cd5c9b24002d6aee,co.op-add__co.cat-undefined__co.vd-height__MACCITY.tax-cycle__MACCITY.tint-nearest__MACCITY.map-cubic,co,operation,add
01KXPMQEHK6WCFA17CG5BXHR0B,cd5c9b24002d6aee,co.op-add__co.cat-undefined__co.vd-height__MACCITY.tax-cycle__MACCITY.tint-nearest__MACCITY.map-cubic,co,category,undefined
01KXPMQEHK6WCFA17CG5BXHR0B,cd5c9b24002d6aee,co.op-add__co.cat-undefined__co.vd-height__MACCITY.tax-cycle__MACCITY.tint-nearest__MACCITY.map-cubic,co,vdist_method,height
01KXPMQEHK6WCFA17CG5BXHR0B,cd5c9b24002d6aee,co.op-add__co.cat-undefined__co.vd-height__MACCITY.tax-cycle__MACCITY.tint-nearest__MACCITY.map-cubic,MACCITY,taxmode,cycle
01KXPMQEHK6WCFA17CG5BXHR0B,cd5c9b24002d6aee,co.op-add__co.cat-undefined__co.vd-height__MACCITY.tax-cycle__MACCITY.tint-nearest__MACCITY.map-cubic,MACCITY,tintalgo,nearest
01KXPMQEHK6WCFA17CG5BXHR0B,cd5c9b24002d6aee,co.op-add__co.cat-undefined__co.vd-height__MACCITY.tax-cycle__MACCITY.tint-nearest__MACCITY.map-cubic,MACCITY,mapalgo,cubic
01KXPMQEHK6WCFA17CG5BXHR0B,9ff4a381776888f6,co.op-add__co.cat-undefined__co.vd-height__MACCITY.tax-cycle__MACCITY.tint-nearest__MACCITY.map-nn,co,operation,add
01KXPMQEHK6WCFA17CG5BXHR0B,9ff4a381776888f6,co.op-add__co.cat-undefined__co.vd-height__MACCITY.tax-cycle__MACCITY.tint-nearest__MACCITY.map-nn,co,category,undefined
01KXPMQEHK6WCFA17CG5BXHR0B,9ff4a381776888f6,co.op-add__co.cat-undefined__co.vd-height__MACCITY.tax-cycle__MACCITY.tint-nearest__MACCITY.map-nn,co,vdist_method,height
01KXPMQEHK6WCFA17CG5BXHR0B,9ff4a381776888f6,co.op-add__co.cat-undefined__co.vd-height__MACCITY.tax-cycle__MACCITY.tint-nearest__MACCITY.map-nn,MACCITY,taxmode,cycle
01KXPMQEHK6WCFA17CG5BXHR0B,9ff4a381776888f6,co.op-add__co.cat-undefined__co.vd-height__MACCITY.tax-cycle__MACCITY.tint-nearest__MACCITY.map-nn,MACCITY,tintalgo,nearest
01KXPMQEHK6WCFA17CG5BXHR0B,9ff4a381776888f6,co.op-add__co.cat-undefined__co.vd-height__MACCITY.tax-cycle__MACCITY.tint-nearest__MACCITY.map-nn,MACCITY,mapalgo,nn
01KXPMQEHK6WCFA17CG5BXHR0B,e390aa8dec9bcb99,co.op-add__co.cat-undefined__co.vd-height__MACCITY.tax-cycle__MACCITY.tint-nearest__MACCITY.map-passthrough,co,operation,add
01KXPMQEHK6WCFA17CG5BXHR0B,e390aa8dec9bcb99,co.op-add__co.cat-undefined__co.vd-height__MACCITY.tax-cycle__MACCITY.tint-nearest__MACCITY.map-passthrough,co,category,undefined
01KXPMQEHK6WCFA17CG5BXHR0B,e390aa8dec9bcb99,co.op-add__co.cat-undefined__co.vd-height__MACCITY.tax-cycle__MACCITY.tint-nearest__MACCITY.map-passthrough,co,vdist_method,height
01KXPMQEHK6WCFA17CG5BXHR0B,e390aa8dec9bcb99,co.op-add__co.cat-undefined__co.vd-height__MACCITY.tax-cycle__MACCITY.tint-nearest__MACCITY.map-passthrough,MACCITY,taxmode,cycle
01KXPMQEHK6WCFA17CG5BXHR0B,e390aa8dec9bcb99,co.op-add__co.cat-undefined__co.vd-height__MACCITY.tax-cycle__MACCITY.tint-nearest__MACCITY.map-passthrough,MACCITY,tintalgo,nearest
01KXPMQEHK6WCFA17CG5BXHR0B,e390aa8dec9bcb99,co.op-add__co.cat-undefined__co.vd-height__MACCITY.tax-cycle__MACCITY.tint-nearest__MACCITY.map-passthrough,MACCITY,mapalgo,passthrough
01KXPMQEHK6WCFA17CG5BXHR0B,c7dd69e52f51c348,co.op-add__co.cat-undefined__co.vd-height__MACCITY.tax-extend__MACCITY.tint-linear__MACCITY.map-bilinear,co,operation,add
01KXPMQEHK6WCFA17CG5BXHR0B,c7dd69e52f51c348,co.op-add__co.cat-undefined__co.vd-height__MACCITY.tax-extend__MACCITY.tint-linear__MACCITY.map-bilinear,co,category,undefined
01KXPMQEHK6WCFA17CG5BXHR0B,c7dd69e52f51c348,co.op-add__co.cat-undefined__co.vd-height__MACCITY.tax-extend__MACCITY.tint-linear__MACCITY.map-bilinear,co,vdist_method,height
01KXPMQEHK6WCFA17CG5BXHR0B,c7dd69e52f51c348,co.op-add__co.cat-undefined__co.vd-height__MACCITY.tax-extend__MACCITY.tint-linear__MACCITY.map-bilinear,MACCITY,taxmode,extend
01KXPMQEHK6WCFA17CG5BXHR0B,c7dd69e52f51c348,co.op-add__co.cat-undefined__co.vd-height__MACCITY.tax-extend__MACCITY.tint-linear__MACCITY.map-bilinear,MACCITY,tintalgo,linear
01KXPMQEHK6WCFA17CG5BXHR0B,c7dd69e52f51c348,co.op-add__co.cat-undefined__co.vd-height__MACCITY.tax-extend__MACCITY.tint-linear__MACCITY.map-bilinear,MACCITY,mapalgo,bilinear
01KXPMQEHK6WCFA17CG5BXHR0B,55f81c4b7d5c5f0e,co.op-add__co.cat-undefined__co.vd-height__MACCITY.tax-extend__MACCITY.tint-linear__MACCITY.map-consd,co,operation,add
01KXPMQEHK6WCFA17CG5BXHR0B,55f81c4b7d5c5f0e,co.op-add__co.cat-undefined__co.vd-height__MACCITY.tax-extend__MACCITY.tint-linear__MACCITY.map-consd,co,category,undefined
01KXPMQEHK6WCFA17CG5BXHR0B,55f81c4b7d5c5f0e,co.op-add__co.cat-undefined__co.vd-height__MACCITY.tax-extend__MACCITY.tint-linear__MACCITY.map-consd,co,vdist_method,height
01KXPMQEHK6WCFA17CG5BXHR0B,55f81c4b7d5c5f0e,co.op-add__co.cat-undefined__co.vd-height__MACCITY.tax-extend__MACCITY.tint-linear__MACCITY.map-consd,MACCITY,taxmode,extend
01KXPMQEHK6WCFA17CG5BXHR0B,55f81c4b7d5c5f0e,co.op-add__co.cat-undefined__co.vd-height__MACCITY.tax-extend__MACCITY.tint-linear__MACCITY.map-consd,MACCITY,tintalgo,linear
01KXPMQEHK6WCFA17CG5BXHR0B,55f81c4b7d5c5f0e,co.op-add__co.cat-undefined__co.vd-height__MACCITY.tax-extend__MACCITY.tint-linear__MACCITY.map-consd,MACCITY,mapalgo,consd
01KXPMQEHK6WCFA17CG5BXHR0B,c6c722520d2fa147,co.op-add__co.cat-undefined__co.vd-height__MACCITY.tax-extend__MACCITY.tint-linear__MACCITY.map-conss,co,operation,add
01KXPMQEHK6WCFA17CG5BXHR0B,c6c722520d2fa147,co.op-add__co.cat-undefined__co.vd-height__MACCITY.tax-extend__MACCITY.tint-linear__MACCITY.map-conss,co,category,undefined
01KXPMQEHK6WCFA17CG5BXHR0B,c6c722520d2fa147,co.op-add__co.cat-undefined__co.vd-height__MACCITY.tax-extend__MACCITY.tint-linear__MACCITY.map-conss,co,vdist_method,height
01KXPMQEHK6WCFA17CG5BXHR0B,c6c722520d2fa147,co.op-add__co.cat-undefined__co.vd-height__MACCITY.tax-extend__MACCITY.tint-linear__MACCITY.map-conss,MACCITY,taxmode,extend
01KXPMQEHK6WCFA17CG5BXHR0B,c6c722520d2fa147,co.op-add__co.cat-undefined__co.vd-height__MACCITY.tax-extend__MACCITY.tint-linear__MACCITY.map-conss,MACCITY,tintalgo,linear
01KXPMQEHK6WCFA17CG5BXHR0B,c6c722520d2fa147,co.op-add__co.cat-undefined__co.vd-height__MACCITY.tax-extend__MACCITY.tint-linear__MACCITY.map-conss,MACCITY,mapalgo,conss
01KXPMQEHK6WCFA17CG5BXHR0B,91fe5fcc835357d1,co.op-add__co.cat-undefined__co.vd-height__MACCITY.tax-extend__MACCITY.tint-linear__MACCITY.map-cubic,co,operation,add
01KXPMQEHK6WCFA17CG5BXHR0B,91fe5fcc835357d1,co.op-add__co.cat-undefined__co.vd-height__MACCITY.tax-extend__MACCITY.tint-linear__MACCITY.map-cubic,co,category,undefined
01KXPMQEHK6WCFA17CG5BXHR0B,91fe5fcc835357d1,co.op-add__co.cat-undefined__co.vd-height__MACCITY.tax-extend__MACCITY.tint-linear__MACCITY.map-cubic,co,vdist_method,height
01KXPMQEHK6WCFA17CG5BXHR0B,91fe5fcc835357d1,co.op-add__co.cat-undefined__co.vd-height__MACCITY.tax-extend__MACCITY.tint-linear__MACCITY.map-cubic,MACCITY,taxmode,extend
01KXPMQEHK6WCFA17CG5BXHR0B,91fe5fcc835357d1,co.op-add__co.cat-undefined__co.vd-height__MACCITY.tax-extend__MACCITY.tint-linear__MACCITY.map-cubic,MACCITY,tintalgo,linear
01KXPMQEHK6WCFA17CG5BXHR0B,91fe5fcc835357d1,co.op-add__co.cat-undefined__co.vd-height__MACCITY.tax-extend__MACCITY.tint-linear__MACCITY.map-cubic,MACCITY,mapalgo,cubic
01KXPMQEHK6WCFA17CG5BXHR0B,7958b72cef17cab4,co.op-add__co.cat-undefined__co.vd-height__MACCITY.tax-extend__MACCITY.tint-linear__MACCITY.map-nn,co,operation,add
01KXPMQEHK6WCFA17CG5BXHR0B,7958b72cef17cab4,co.op-add__co.cat-undefined__co.vd-height__MACCITY.tax-extend__MACCITY.tint-linear__MACCITY.map-nn,co,category,undefined
01KXPMQEHK6WCFA17CG5BXHR0B,7958b72cef17cab4,co.op-add__co.cat-undefined__co.vd-height__MACCITY.tax-extend__MACCITY.tint-linear__MACCITY.map-nn,co,vdist_method,height
01KXPMQEHK6WCFA17CG5BXHR0B,7958b72cef17cab4,co.op-add__co.cat-undefined__co.vd-height__MACCITY.tax-extend__MACCITY.tint-linear__MACCITY.map-nn,MACCITY,taxmode,extend
01KXPMQEHK6WCFA17CG5BXHR0B,7958b72cef17cab4,co.op-add__co.cat-undefined__co.vd-height__MACCITY.tax-extend__MACCITY.tint-linear__MACCITY.map-nn,MACCITY,tintalgo,linear
01KXPMQEHK6WCFA17CG5BXHR0B,7958b72cef17cab4,co.op-add__co.cat-undefined__co.vd-height__MACCITY.tax-extend__MACCITY.tint-linear__MACCITY.map-nn,MACCITY,mapalgo,nn
01KXPMQEHK6WCFA17CG5BXHR0B,03deb4c66d3c02a7,co.op-add__co.cat-undefined__co.vd-height__MACCITY.tax-extend__MACCITY.tint-linear__MACCITY.map-passthrough,co,operation,add
01KXPMQEHK6WCFA17CG5BXHR0B,03deb4c66d3c02a7,co.op-add__co.cat-undefined__co.vd-height__MACCITY.tax-extend__MACCITY.tint-linear__MACCITY.map-passthrough,co,category,undefined
01KXPMQEHK6WCFA17CG5BXHR0B,03deb4c66d3c02a7,co.op-add__co.cat-undefined__co.vd-height__MACCITY.tax-extend__MACCITY.tint-linear__MACCITY.map-passthrough,co,vdist_method,height
01KXPMQEHK6WCFA17CG5BXHR0B,03deb4c66d3c02a7,co.op-add__co.cat-undefined__co.vd-height__MACCITY.tax-extend__MACCITY.tint-linear__MACCITY.map-passthrough,MACCITY,taxmode,extend
01KXPMQEHK6WCFA17CG5BXHR0B,03deb4c66d3c02a7,co.op-add__co.cat-undefined__co.vd-height__MACCITY.tax-extend__MACCITY.tint-linear__MACCITY.map-passthrough,MACCITY,tintalgo,linear
01KXPMQEHK6WCFA17CG5BXHR0B,03deb4c66d3c02a7,co.op-add__co.cat-undefined__co.vd-height__MACCITY.tax-extend__MACCITY.tint-linear__MACCITY.map-passthrough,MACCITY,mapalgo,passthrough
01KXPMQEHK6WCFA17CG5BXHR0B,ae1ebedcb76b57f1,co.op-add__co.cat-undefined__co.vd-height__MACCITY.tax-extend__MACCITY.tint-nearest__MACCITY.map-bilinear,co,operation,add
01KXPMQEHK6WCFA17CG5BXHR0B,ae1ebedcb76b57f1,co.op-add__co.cat-undefined__co.vd-height__MACCITY.tax-extend__MACCITY.tint-nearest__MACCITY.map-bilinear,co,category,undefined
01KXPMQEHK6WCFA17CG5BXHR0B,ae1ebedcb76b57f1,co.op-add__co.cat-undefined__co.vd-height__MACCITY.tax-extend__MACCITY.tint-nearest__MACCITY.map-bilinear,co,vdist_method,height
01KXPMQEHK6WCFA17CG5BXHR0B,ae1ebedcb76b57f1,co.op-add__co.cat-undefined__co.vd-height__MACCITY.tax-extend__MACCITY.tint-nearest__MACCITY.map-bilinear,MACCITY,taxmode,extend
01KXPMQEHK6WCFA17CG5BXHR0B,ae1ebedcb76b57f1,co.op-add__co.cat-undefined__co.vd-height__MACCITY.tax-extend__MACCITY.tint-nearest__MACCITY.map-bilinear,MACCITY,tintalgo,nearest
01KXPMQEHK6WCFA17CG5BXHR0B,ae1ebedcb76b57f1,co.op-add__co.cat-undefined__co.vd-height__MACCITY.tax-extend__MACCITY.tint-nearest__MACCITY.map-bilinear,MACCITY,mapalgo,bilinear
01KXPMQEHK6WCFA17CG5BXHR0B,487c64da54a0b90a,co.op-add__co.cat-undefined__co.vd-height__MACCITY.tax-extend__MACCITY.tint-nearest__MACCITY.map-consd,co,operation,add
01KXPMQEHK6WCFA17CG5BXHR0B,487c64da54a0b90a,co.op-add__co.cat-undefined__co.vd-height__MACCITY.tax-extend__MACCITY.tint-nearest__MACCITY.map-consd,co,category,undefined
01KXPMQEHK6WCFA17CG5BXHR0B,487c64da54a0b90a,co.op-add__co.cat-undefined__co.vd-height__MACCITY.tax-extend__MACCITY.tint-nearest__MACCITY.map-consd,co,vdist_method,height
01KXPMQEHK6WCFA17CG5BXHR0B,487c64da54a0b90a,co.op-add__co.cat-undefined__co.vd-height__MACCITY.tax-extend__MACCITY.tint-nearest__MACCITY.map-consd,MACCITY,taxmode,extend
01KXPMQEHK6WCFA17CG5BXHR0B,487c64da54a0b90a,co.op-add__co.cat-undefined__co.vd-height__MACCITY.tax-extend__MACCITY.tint-nearest__MACCITY.map-consd,MACCITY,tintalgo,nearest
01KXPMQEHK6WCFA17CG5BXHR0B,487c64da54a0b90a,co.op-add__co.cat-undefined__co.vd-height__MACCITY.tax-extend__MACCITY.tint-nearest__MACCITY.map-consd,MACCITY,mapalgo,consd
01KXPMQEHK6WCFA17CG5BXHR0B,06e20d638b819bf4,co.op-add__co.cat-undefined__co.vd-height__MACCITY.tax-extend__MACCITY.tint-nearest__MACCITY.map-conss,co,operation,add
01KXPMQEHK6WCFA17CG5BXHR0B,06e20d638b819bf4,co.op-add__co.cat-undefined__co.vd-height__MACCITY.tax-extend__MACCITY.tint-nearest__MACCITY.map-conss,co,category,undefined
01KXPMQEHK6WCFA17CG5BXHR0B,06e20d638b819bf4,co.op-add__co.cat-undefined__co.vd-height__MACCITY.tax-extend__MACCITY.tint-nearest__MACCITY.map-conss,co,vdist_method,height
01KXPMQEHK6WCFA17CG5BXHR0B,06e20d638b819bf4,co.op-add__co.cat-undefined__co.vd-height__MACCITY.tax-extend__MACCITY.tint-nearest__MACCITY.map-conss,MACCITY,taxmode,extend
01KXPMQEHK6WCFA17CG5BXHR0B,06e20d638b819bf4,co.op-add__co.cat-undefined__co.vd-height__MACCITY.tax-extend__MACCITY.tint-nearest__MACCITY.map-conss,MACCITY,tintalgo,nearest
01KXPMQEHK6WCFA17CG5BXHR0B,06e20d638b819bf4,co.op-add__co.cat-undefined__co.vd-height__MACCITY.tax-extend__MACCITY.tint-nearest__MACCITY.map-conss,MACCITY,mapalgo,conss
01KXPMQEHK6WCFA17CG5BXHR0B,ea2c6b7ac35c1d81,co.op-add__co.cat-undefined__co.vd-height__MACCITY.tax-extend__MACCITY.tint-nearest__MACCITY.map-cubic,co,operation,add
01KXPMQEHK6WCFA17CG5BXHR0B,ea2c6b7ac35c1d81,co.op-add__co.cat-undefined__co.vd-height__MACCITY.tax-extend__MACCITY.tint-nearest__MACCITY.map-cubic,co,category,undefined
01KXPMQEHK6WCFA17CG5BXHR0B,ea2c6b7ac35c1d81,co.op-add__co.cat-undefined__co.vd-height__MACCITY.tax-extend__MACCITY.tint-nearest__MACCITY.map-cubic,co,vdist_method,height
01KXPMQEHK6WCFA17CG5BXHR0B,ea2c6b7ac35c1d81,co.op-add__co.cat-undefined__co.vd-height__MACCITY.tax-extend__MACCITY.tint-nearest__MACCITY.map-cubic,MACCITY,taxmode,extend
01KXPMQEHK6WCFA17CG5BXHR0B,ea2c6b7ac35c1d81,co.op-add__co.cat-undefined__co.vd-height__MACCITY.tax-extend__MACCITY.tint-nearest__MACCITY.map-cubic,MACCITY,tintalgo,nearest
01KXPMQEHK6WCFA17CG5BXHR0B,ea2c6b7ac35c1d81,co.op-add__co.cat-undefined__co.vd-height__MACCITY.tax-extend__MACCITY.tint-nearest__MACCITY.map-cubic,MACCITY,mapalgo,cubic
01KXPMQEHK6WCFA17CG5BXHR0B,10f8e3a1728b4393,co.op-add__co.cat-undefined__co.vd-height__MACCITY.tax-extend__MACCITY.tint-nearest__MACCITY.map-nn,co,operation,add
01KXPMQEHK6WCFA17CG5BXHR0B,10f8e3a1728b4393,co.op-add__co.cat-undefined__co.vd-height__MACCITY.tax-extend__MACCITY.tint-nearest__MACCITY.map-nn,co,category,undefined
01KXPMQEHK6WCFA17CG5BXHR0B,10f8e3a1728b4393,co.op-add__co.cat-undefined__co.vd-height__MACCITY.tax-extend__MACCITY.tint-nearest__MACCITY.map-nn,co,vdist_method,height
01KXPMQEHK6WCFA17CG5BXHR0B,10f8e3a1728b4393,co.op-add__co.cat-undefined__co.vd-height__MACCITY.tax-extend__MACCITY.tint-nearest__MACCITY.map-nn,MACCITY,taxmode,extend
01KXPMQEHK6WCFA17CG5BXHR0B,10f8e3a1728b4393,co.op-add__co.cat-undefined__co.vd-height__MACCITY.tax-extend__MACCITY.tint-nearest__MACCITY.map-nn,MACCITY,tintalgo,nearest
01KXPMQEHK6WCFA17CG5BXHR0B,10f8e3a1728b4393,co.op-add__co.cat-undefined__co.vd-height__MACCITY.tax-extend__MACCITY.tint-nearest__MACCITY.map-nn,MACCITY,mapalgo,nn
01KXPMQEHK6WCFA17CG5BXHR0B,0d7091d63602e4c5,co.op-add__co.cat-undefined__co.vd-height__MACCITY.tax-extend__MACCITY.tint-nearest__MACCITY.map-passthrough,co,operation,add
01KXPMQEHK6WCFA17CG5BXHR0B,0d7091d63602e4c5,co.op-add__co.cat-undefined__co.vd-height__MACCITY.tax-extend__MACCITY.tint-nearest__MACCITY.map-passthrough,co,category,undefined
01KXPMQEHK6WCFA17CG5BXHR0B,0d7091d63602e4c5,co.op-add__co.cat-undefined__co.vd-height__MACCITY.tax-extend__MACCITY.tint-nearest__MACCITY.map-passthrough,co,vdist_method,height
01KXPMQEHK6WCFA17CG5BXHR0B,0d7091d63602e4c5,co.op-add__co.cat-undefined__co.vd-height__MACCITY.tax-extend__MACCITY.tint-nearest__MACCITY.map-passthrough,MACCITY,taxmode,extend
01KXPMQEHK6WCFA17CG5BXHR0B,0d7091d63602e4c5,co.op-add__co.cat-undefined__co.vd-height__MACCITY.tax-extend__MACCITY.tint-nearest__MACCITY.map-passthrough,MACCITY,tintalgo,nearest
01KXPMQEHK6WCFA17CG5BXHR0B,0d7091d63602e4c5,co.op-add__co.cat-undefined__co.vd-height__MACCITY.tax-extend__MACCITY.tint-nearest__MACCITY.map-passthrough,MACCITY,mapalgo,passthrough
01KXPMQEHK6WCFA17CG5BXHR0B,600334dc2b60a29f,co.op-add__co.cat-undefined__co.vd-pbl__MACCITY.tax-cycle__MACCITY.tint-linear__MACCITY.map-bilinear,co,operation,add
01KXPMQEHK6WCFA17CG5BXHR0B,600334dc2b60a29f,co.op-add__co.cat-undefined__co.vd-pbl__MACCITY.tax-cycle__MACCITY.tint-linear__MACCITY.map-bilinear,co,category,undefined
01KXPMQEHK6WCFA17CG5BXHR0B,600334dc2b60a29f,co.op-add__co.cat-undefined__co.vd-pbl__MACCITY.tax-cycle__MACCITY.tint-linear__MACCITY.map-bilinear,co,vdist_method,pbl
01KXPMQEHK6WCFA17CG5BXHR0B,600334dc2b60a29f,co.op-add__co.cat-undefined__co.vd-pbl__MACCITY.tax-cycle__MACCITY.tint-linear__MACCITY.map-bilinear,MACCITY,taxmode,cycle
01KXPMQEHK6WCFA17CG5BXHR0B,600334dc2b60a29f,co.op-add__co.cat-undefined__co.vd-pbl__MACCITY.tax-cycle__MACCITY.tint-linear__MACCITY.map-bilinear,MACCITY,tintalgo,linear
01KXPMQEHK6WCFA17CG5BXHR0B,600334dc2b60a29f,co.op-add__co.cat-undefined__co.vd-pbl__MACCITY.tax-cycle__MACCITY.tint-linear__MACCITY.map-bilinear,MACCITY,mapalgo,bilinear
01KXPMQEHK6WCFA17CG5BXHR0B,3496b54774e59e14,co.op-add__co.cat-undefined__co.vd-pbl__MACCITY.tax-cycle__MACCITY.tint-linear__MACCITY.map-consd,co,operation,add
01KXPMQEHK6WCFA17CG5BXHR0B,3496b54774e59e14,co.op-add__co.cat-undefined__co.vd-pbl__MACCITY.tax-cycle__MACCITY.tint-linear__MACCITY.map-consd,co,category,undefined
01KXPMQEHK6WCFA17CG5BXHR0B,3496b54774e59e14,co.op-add__co.cat-undefined__co.vd-pbl__MACCITY.tax-cycle__MACCITY.tint-linear__MACCITY.map-consd,co,vdist_method,pbl
01KXPMQEHK6WCFA17CG5BXHR0B,3496b54774e59e14,co.op-add__co.cat-undefined__co.vd-pbl__MACCITY.tax-cycle__MACCITY.tint-linear__MACCITY.map-consd,MACCITY,taxmode,cycle
01KXPMQEHK6WCFA17CG5BXHR0B,3496b54774e59e14,co.op-add__co.cat-undefined__co.vd-pbl__MACCITY.tax-cycle__MACCITY.tint-linear__MACCITY.map-consd,MACCITY,tintalgo,linear
01KXPMQEHK6WCFA17CG5BXHR0B,3496b54774e59e14,co.op-add__co.cat-undefined__co.vd-pbl__MACCITY.tax-cycle__MACCITY.tint-linear__MACCITY.map-consd,MACCITY,mapalgo,consd
01KXPMQEHK6WCFA17CG5BXHR0B,f596cdc3c2b34373,co.op-add__co.cat-undefined__co.vd-pbl__MACCITY.tax-cycle__MACCITY.tint-linear__MACCITY.map-conss,co,operation,add
01KXPMQEHK6WCFA17CG5BXHR0B,f596cdc3c2b34373,co.op-add__co.cat-undefined__co.vd-pbl__MACCITY.tax-cycle__MACCITY.tint-linear__MACCITY.map-conss,co,category,undefined
01KXPMQEHK6WCFA17CG5BXHR0B,f596cdc3c2b34373,co.op-add__co.cat-undefined__co.vd-pbl__MACCITY.tax-cycle__MACCITY.tint-linear__MACCITY.map-conss,co,vdist_method,pbl
01KXPMQEHK6WCFA17CG5BXHR0B,f596cdc3c2b34373,co.op-add__co.cat-undefined__co.vd-pbl__MACCITY.tax-cycle__MACCITY.tint-linear__MACCITY.map-conss,MACCITY,taxmode,cycle
01KXPMQEHK6WCFA17CG5BXHR0B,f596cdc3c2b34373,co.op-add__co.cat-undefined__co.vd-pbl__MACCITY.tax-cycle__MACCITY.tint-linear__MACCITY.map-conss,MACCITY,tintalgo,linear
01KXPMQEHK6WCFA17CG5BXHR0B,f596cdc3c2b34373,co.op-add__co.cat-undefined__co.vd-pbl__MACCITY.tax-cycle__MACCITY.tint-linear__MACCITY.map-conss,MACCITY,mapalgo,conss
01KXPMQEHK6WCFA17CG5BXHR0B,651e8cffc254def3,co.op-add__co.cat-undefined__co.vd-pbl__MACCITY.tax-cycle__MACCITY.tint-linear__MACCITY.map-cubic,co,operation,add
01KXPMQEHK6WCFA17CG5BXHR0B,651e8cffc254def3,co.op-add__co.cat-undefined__co.vd-pbl__MACCITY.tax-cycle__MACCITY.tint-linear__MACCITY.map-cubic,co,category,undefined
01KXPMQEHK6WCFA17CG5BXHR0B,651e8cffc254def3,co.op-add__co.cat-undefined__co.vd-pbl__MACCITY.tax-cycle__MACCITY.tint-linear__MACCITY.map-cubic,co,vdist_method,pbl
01KXPMQEHK6WCFA17CG5BXHR0B,651e8cffc254def3,co.op-add__co.cat-undefined__co.vd-pbl__MACCITY.tax-cycle__MACCITY.tint-linear__MACCITY.map-cubic,MACCITY,taxmode,cycle
01KXPMQEHK6WCFA17CG5BXHR0B,651e8cffc254def3,co.op-add__co.cat-undefined__co.vd-pbl__MACCITY.tax-cycle__MACCITY.tint-linear__MACCITY.map-cubic,MACCITY,tintalgo,linear
01KXPMQEHK6WCFA17CG5BXHR0B,651e8cffc254def3,co.op-add__co.cat-undefined__co.vd-pbl__MACCITY.tax-cycle__MACCITY.tint-linear__MACCITY.map-cubic,MACCITY,mapalgo,cubic
01KXPMQEHK6WCFA17CG5BXHR0B,858cdf7aabbe09fe,co.op-add__co.cat-undefined__co.vd-pbl__MACCITY.tax-cycle__MACCITY.tint-linear__MACCITY.map-nn,co,operation,add
01KXPMQEHK6WCFA17CG5BXHR0B,858cdf7aabbe09fe,co.op-add__co.cat-undefined__co.vd-pbl__MACCITY.tax-cycle__MACCITY.tint-linear__MACCITY.map-nn,co,category,undefined
01KXPMQEHK6WCFA17CG5BXHR0B,858cdf7aabbe09fe,co.op-add__co.cat-undefined__co.vd-pbl__MACCITY.tax-cycle__MACCITY.tint-linear__MACCITY.map-nn,co,vdist_method,pbl
01KXPMQEHK6WCFA17CG5BXHR0B,858cdf7aabbe09fe,co.op-add__co.cat-undefined__co.vd-pbl__MACCITY.tax-cycle__MACCITY.tint-linear__MACCITY.map-nn,MACCITY,taxmode,cycle
01KXPMQEHK6WCFA17CG5BXHR0B,858cdf7aabbe09fe,co.op-add__co.cat-undefined__co.vd-pbl__MACCITY.tax-cycle__MACCITY.tint-linear__MACCITY.map-nn,MACCITY,tintalgo,linear
01KXPMQEHK6WCFA17CG5BXHR0B,858cdf7aabbe09fe,co.op-add__co.cat-undefined__co.vd-pbl__MACCITY.tax-cycle__MACCITY.tint-linear__MACCITY.map-nn,MACCITY,mapalgo,nn
01KXPMQEHK6WCFA17CG5BXHR0B,ab7cdfd82e47393a,co.op-add__co.cat-undefined__co.vd-pbl__MACCITY.tax-cycle__MACCITY.tint-linear__MACCITY.map-passthrough,co,operation,add
01KXPMQEHK6WCFA17CG5BXHR0B,ab7cdfd82e47393a,co.op-add__co.cat-undefined__co.vd-pbl__MACCITY.tax-cycle__MACCITY.tint-linear__MACCITY.map-passthrough,co,category,undefined
01KXPMQEHK6WCFA17CG5BXHR0B,ab7cdfd82e47393a,co.op-add__co.cat-undefined__co.vd-pbl__MACCITY.tax-cycle__MACCITY.tint-linear__MACCITY.map-passthrough,co,vdist_method,pbl
01KXPMQEHK6WCFA17CG5BXHR0B,ab7cdfd82e47393a,co.op-add__co.cat-undefined__co.vd-pbl__MACCITY.tax-cycle__MACCITY.tint-linear__MACCITY.map-passthrough,MACCITY,taxmode,cycle
01KXPMQEHK6WCFA17CG5BXHR0B,ab7cdfd82e47393a,co.op-add__co.cat-undefined__co.vd-pbl__MACCITY.tax-cycle__MACCITY.tint-linear__MACCITY.map-passthrough,MACCITY,tintalgo,linear
01KXPMQEHK6WCFA17CG5BXHR0B,ab7cdfd82e47393a,co.op-add__co.cat-undefined__co.vd-pbl__MACCITY.tax-cycle__MACCITY.tint-linear__MACCITY.map-passthrough,MACCITY,mapalgo,passthrough
01KXPMQEHK6WCFA17CG5BXHR0B,b96f24ae4697c7a4,co.op-add__co.cat-undefined__co.vd-pbl__MACCITY.tax-cycle__MACCITY.tint-nearest__MACCITY.map-bilinear,co,operation,add
01KXPMQEHK6WCFA17CG5BXHR0B,b96f24ae4697c7a4,co.op-add__co.cat-undefined__co.vd-pbl__MACCITY.tax-cycle__MACCITY.tint-nearest__MACCITY.map-bilinear,co,category,undefined
01KXPMQEHK6WCFA17CG5BXHR0B,b96f24ae4697c7a4,co.op-add__co.cat-undefined__co.vd-pbl__MACCITY.tax-cycle__MACCITY.tint-nearest__MACCITY.map-bilinear,co,vdist_method,pbl
01KXPMQEHK6WCFA17CG5BXHR0B,b96f24ae4697c7a4,co.op-add__co.cat-undefined__co.vd-pbl__MACCITY.tax-cycle__MACCITY.tint-nearest__MACCITY.map-bilinear,MACCITY,taxmode,cycle
01KXPMQEHK6WCFA17CG5BXHR0B,b96f24ae4697c7a4,co.op-add__co.cat-undefined__co.vd-pbl__MACCITY.tax-cycle__MACCITY.tint-nearest__MACCITY.map-bilinear,MACCITY,tintalgo,nearest
01KXPMQEHK6WCFA17CG5BXHR0B,b96f24ae4697c7a4,co.op-add__co.cat-undefined__co.vd-pbl__MACCITY.tax-cycle__MACCITY.tint-nearest__MACCITY.map-bilinear,MACCITY,mapalgo,bilinear
01KXPMQEHK6WCFA17CG5BXHR0B,b3a7c415e0461940,co.op-add__co.cat-undefined__co.vd-pbl__MACCITY.tax-cycle__MACCITY.tint-nearest__MACCITY.map-consd,co,operation,add
01KXPMQEHK6WCFA17CG5BXHR0B,b3a7c415e0461940,co.op-add__co.cat-undefined__co.vd-pbl__MACCITY.tax-cycle__MACCITY.tint-nearest__MACCITY.map-consd,co,category,undefined
01KXPMQEHK6WCFA17CG5BXHR0B,b3a7c415e0461940,co.op-add__co.cat-undefined__co.vd-pbl__MACCITY.tax-cycle__MACCITY.tint-nearest__MACCITY.map-consd,co,vdist_method,pbl
01KXPMQEHK6WCFA17CG5BXHR0B,b3a7c415e0461940,co.op-add__co.cat-undefined__co.vd-pbl__MACCITY.tax-cycle__MACCITY.tint-nearest__MACCITY.map-consd,MACCITY,taxmode,cycle
01KXPMQEHK6WCFA17CG5BXHR0B,b3a7c415e0461940,co.op-add__co.cat-undefined__co.vd-pbl__MACCITY.tax-cycle__MACCITY.tint-nearest__MACCITY.map-consd,MACCITY,tintalgo,nearest
01KXPMQEHK6WCFA17CG5BXHR0B,b3a7c415e0461940,co.op-add__co.cat-undefined__co.vd-pbl__MACCITY.tax-cycle__MACCITY.tint-nearest__MACCITY.map-consd,MACCITY,mapalgo,consd
01KXPMQEHK6WCFA17CG5BXHR0B,9eba97954cd3e25c,co.op-add__co.cat-undefined__co.vd-pbl__MACCITY.tax-cycle__MACCITY.tint-nearest__MACCITY.map-conss,co,operation,add
01KXPMQEHK6WCFA17CG5BXHR0B,9eba97954cd3e25c,co.op-add__co.cat-undefined__co.vd-pbl__MACCITY.tax-cycle__MACCITY.tint-nearest__MACCITY.map-conss,co,category,undefined
01KXPMQEHK6WCFA17CG5BXHR0B,9eba97954cd3e25c,co.op-add__co.cat-undefined__co.vd-pbl__MACCITY.tax-cycle__MACCITY.tint-nearest__MACCITY.map-conss,co,vdist_method,pbl
01KXPMQEHK6WCFA17CG5BXHR0B,9eba97954cd3e25c,co.op-add__co.cat-undefined__co.vd-pbl__MACCITY.tax-cycle__MACCITY.tint-nearest__MACCITY.map-conss,MACCITY,taxmode,cycle
01KXPMQEHK6WCFA17CG5BXHR0B,9eba97954cd3e25c,co.op-add__co.cat-undefined__co.vd-pbl__MACCITY.tax-cycle__MACCITY.tint-nearest__MACCITY.map-conss,MACCITY,tintalgo,nearest
01KXPMQEHK6WCFA17CG5BXHR0B,9eba97954cd3e25c,co.op-add__co.cat-undefined__co.vd-pbl__MACCITY.tax-cycle__MACCITY.tint-nearest__MACCITY.map-conss,MACCITY,mapalgo,conss
01KXPMQEHK6WCFA17CG5BXHR0B,781304c6fe6a4416,co.op-add__co.cat-undefined__co.vd-pbl__MACCITY.tax-cycle__MACCITY.tint-nearest__MACCITY.map-cubic,co,operation,add
01KXPMQEHK6WCFA17CG5BXHR0B,781304c6fe6a4416,co.op-add__co.cat-undefined__co.vd-pbl__MACCITY.tax-cycle__MACCITY.tint-nearest__MACCITY.map-cubic,co,category,undefined
01KXPMQEHK6WCFA17CG5BXHR0B,781304c6fe6a4416,co.op-add__co.cat-undefined__co.vd-pbl__MACCITY.tax-cycle__MACCITY.tint-nearest__MACCITY.map-cubic,co,vdist_method,pbl
01KXPMQEHK6WCFA17CG5BXHR0B,781304c6fe6a4416,co.op-add__co.cat-undefined__co.vd-pbl__MACCITY.tax-cycle__MACCITY.tint-nearest__MACCITY.map-cubic,MACCITY,taxmode,cycle
01KXPMQEHK6WCFA17CG5BXHR0B,781304c6fe6a4416,co.op-add__co.cat-undefined__co.vd-pbl__MACCITY.tax-cycle__MACCITY.tint-nearest__MACCITY.map-cubic,MACCITY,tintalgo,nearest
01KXPMQEHK6WCFA17CG5BXHR0B,781304c6fe6a4416,co.op-add__co.cat-undefined__co.vd-pbl__MACCITY.tax-cycle__MACCITY.tint-nearest__MACCITY.map-cubic,MACCITY,mapalgo,cubic
01KXPMQEHK6WCFA17CG5BXHR0B,c21916cffb28bc40,co.op-add__co.cat-undefined__co.vd-pbl__MACCITY.tax-cycle__MACCITY.tint-nearest__MACCITY.map-nn,co,operation,add
01KXPMQEHK6WCFA17CG5BXHR0B,c21916cffb28bc40,co.op-add__co.cat-undefined__co.vd-pbl__MACCITY.tax-cycle__MACCITY.tint-nearest__MACCITY.map-nn,co,category,undefined
01KXPMQEHK6WCFA17CG5BXHR0B,c21916cffb28bc40,co.op-add__co.cat-undefined__co.vd-pbl__MACCITY.tax-cycle__MACCITY.tint-nearest__MACCITY.map-nn,co,vdist_method,pbl
01KXPMQEHK6WCFA17CG5BXHR0B,c21916cffb28bc40,co.op-add__co.cat-undefined__co.vd-pbl__MACCITY.tax-cycle__MACCITY.tint-nearest__MACCITY.map-nn,MACCITY,taxmode,cycle
01KXPMQEHK6WCFA17CG5BXHR0B,c21916cffb28bc40,co.op-add__co.cat-undefined__co.vd-pbl__MACCITY.tax-cycle__MACCITY.tint-nearest__MACCITY.map-nn,MACCITY,tintalgo,nearest
01KXPMQEHK6WCFA17CG5BXHR0B,c21916cffb28bc40,co.op-add__co.cat-undefined__co.vd-pbl__MACCITY.tax-cycle__MACCITY.tint-nearest__MACCITY.map-nn,MACCITY,mapalgo,nn
01KXPMQEHK6WCFA17CG5BXHR0B,d60be99bc9d65043,co.op-add__co.cat-undefined__co.vd-pbl__MACCITY.tax-cycle__MACCITY.tint-nearest__MACCITY.map-passthrough,co,operation,add
01KXPMQEHK6WCFA17CG5BXHR0B,d60be99bc9d65043,co.op-add__co.cat-undefined__co.vd-pbl__MACCITY.tax-cycle__MACCITY.tint-nearest__MACCITY.map-passthrough,co,category,undefined
01KXPMQEHK6WCFA17CG5BXHR0B,d60be99bc9d65043,co.op-add__co.cat-undefined__co.vd-pbl__MACCITY.tax-cycle__MACCITY.tint-nearest__MACCITY.map-passthrough,co,vdist_method,pbl
01KXPMQEHK6WCFA17CG5BXHR0B,d60be99bc9d65043,co.op-add__co.cat-undefined__co.vd-pbl__MACCITY.tax-cycle__MACCITY.tint-nearest__MACCITY.map-passthrough,MACCITY,taxmode,cycle
01KXPMQEHK6WCFA17CG5BXHR0B,d60be99bc9d65043,co.op-add__co.cat-undefined__co.vd-pbl__MACCITY.tax-cycle__MACCITY.tint-nearest__MACCITY.map-passthrough,MACCITY,tintalgo,nearest
01KXPMQEHK6WCFA17CG5BXHR0B,d60be99bc9d65043,co.op-add__co.cat-undefined__co.vd-pbl__MACCITY.tax-cycle__MACCITY.tint-nearest__MACCITY.map-passthrough,MACCITY,mapalgo,passthrough
01KXPMQEHK6WCFA17CG5BXHR0B,dcd10ea17ccc5876,co.op-add__co.cat-undefined__co.vd-pbl__MACCITY.tax-extend__MACCITY.tint-linear__MACCITY.map-bilinear,co,operation,add
01KXPMQEHK6WCFA17CG5BXHR0B,dcd10ea17ccc5876,co.op-add__co.cat-undefined__co.vd-pbl__MACCITY.tax-extend__MACCITY.tint-linear__MACCITY.map-bilinear,co,category,undefined
01KXPMQEHK6WCFA17CG5BXHR0B,dcd10ea17ccc5876,co.op-add__co.cat-undefined__co.vd-pbl__MACCITY.tax-extend__MACCITY.tint-linear__MACCITY.map-bilinear,co,vdist_method,pbl
01KXPMQEHK6WCFA17CG5BXHR0B,dcd10ea17ccc5876,co.op-add__co.cat-undefined__co.vd-pbl__MACCITY.tax-extend__MACCITY.tint-linear__MACCITY.map-bilinear,MACCITY,taxmode,extend
01KXPMQEHK6WCFA17CG5BXHR0B,dcd10ea17ccc5876,co.op-add__co.cat-undefined__co.vd-pbl__MACCITY.tax-extend__MACCITY.tint-linear__MACCITY.map-bilinear,MACCITY,tintalgo,linear
01KXPMQEHK6WCFA17CG5BXHR0B,dcd10ea17ccc5876,co.op-add__co.cat-undefined__co.vd-pbl__MACCITY.tax-extend__MACCITY.tint-linear__MACCITY.map-bilinear,MACCITY,mapalgo,bilinear
01KXPMQEHK6WCFA17CG5BXHR0B,758156e314baa3ea,co.op-add__co.cat-undefined__co.vd-pbl__MACCITY.tax-extend__MACCITY.tint-linear__MACCITY.map-consd,co,operation,add
01KXPMQEHK6WCFA17CG5BXHR0B,758156e314baa3ea,co.op-add__co.cat-undefined__co.vd-pbl__MACCITY.tax-extend__MACCITY.tint-linear__MACCITY.map-consd,co,category,undefined
01KXPMQEHK6WCFA17CG5BXHR0B,758156e314baa3ea,co.op-add__co.cat-undefined__co.vd-pbl__MACCITY.tax-extend__MACCITY.tint-linear__MACCITY.map-consd,co,vdist_method,pbl
01KXPMQEHK6WCFA17CG5BXHR0B,758156e314baa3ea,co.op-add__co.cat-undefined__co.vd-pbl__MACCITY.tax-extend__MACCITY.tint-linear__MACCITY.map-consd,MACCITY,taxmode,extend
01KXPMQEHK6WCFA17CG5BXHR0B,758156e314baa3ea,co.op-add__co.cat-undefined__co.vd-pbl__MACCITY.tax-extend__MACCITY.tint-linear__MACCITY.map-consd,MACCITY,tintalgo,linear
01KXPMQEHK6WCFA17CG5BXHR0B,758156e314baa3ea,co.op-add__co.cat-undefined__co.vd-pbl__MACCITY.tax-extend__MACCITY.tint-linear__MACCITY.map-consd,MACCITY,mapalgo,consd
01KXPMQEHK6WCFA17CG5BXHR0B,d6989d68340e5248,co.op-add__co.cat-undefined__co.vd-pbl__MACCITY.tax-extend__MACCITY.tint-linear__MACCITY.map-conss,co,operation,add
01KXPMQEHK6WCFA17CG5BXHR0B,d6989d68340e5248,co.op-add__co.cat-undefined__co.vd-pbl__MACCITY.tax-extend__MACCITY.tint-linear__MACCITY.map-conss,co,category,undefined
01KXPMQEHK6WCFA17CG5BXHR0B,d6989d68340e5248,co.op-add__co.cat-undefined__co.vd-pbl__MACCITY.tax-extend__MACCITY.tint-linear__MACCITY.map-conss,co,vdist_method,pbl
01KXPMQEHK6WCFA17CG5BXHR0B,d6989d68340e5248,co.op-add__co.cat-undefined__co.vd-pbl__MACCITY.tax-extend__MACCITY.tint-linear__MACCITY.map-conss,MACCITY,taxmode,extend
01KXPMQEHK6WCFA17CG5BXHR0B,d6989d68340e5248,co.op-add__co.cat-undefined__co.vd-pbl__MACCITY.tax-extend__MACCITY.tint-linear__MACCITY.map-conss,MACCITY,tintalgo,linear
01KXPMQEHK6WCFA17CG5BXHR0B,d6989d68340e5248,co.op-add__co.cat-undefined__co.vd-pbl__MACCITY.tax-extend__MACCITY.tint-linear__MACCITY.map-conss,MACCITY,mapalgo,conss
01KXPMQEHK6WCFA17CG5BXHR0B,dff59c811bcf4ebf,co.op-add__co.cat-undefined__co.vd-pbl__MACCITY.tax-extend__MACCITY.tint-linear__MACCITY.map-cubic,co,operation,add
01KXPMQEHK6WCFA17CG5BXHR0B,dff59c811bcf4ebf,co.op-add__co.cat-undefined__co.vd-pbl__MACCITY.tax-extend__MACCITY.tint-linear__MACCITY.map-cubic,co,category,undefined
01KXPMQEHK6WCFA17CG5BXHR0B,dff59c811bcf4ebf,co.op-add__co.cat-undefined__co.vd-pbl__MACCITY.tax-extend__MACCITY.tint-linear__MACCITY.map-cubic,co,vdist_method,pbl
01KXPMQEHK6WCFA17CG5BXHR0B,dff59c811bcf4ebf,co.op-add__co.cat-undefined__co.vd-pbl__MACCITY.tax-extend__MACCITY.tint-linear__MACCITY.map-cubic,MACCITY,taxmode,extend
01KXPMQEHK6WCFA17CG5BXHR0B,dff59c811bcf4ebf,co.op-add__co.cat-undefined__co.vd-pbl__MACCITY.tax-extend__MACCITY.tint-linear__MACCITY.map-cubic,MACCITY,tintalgo,linear
01KXPMQEHK6WCFA17CG5BXHR0B,dff59c811bcf4ebf,co.op-add__co.cat-undefined__co.vd-pbl__MACCITY.tax-extend__MACCITY.tint-linear__MACCITY.map-cubic,MACCITY,mapalgo,cubic
01KXPMQEHK6WCFA17CG5BXHR0B,902db5775370f95e,co.op-add__co.cat-undefined__co.vd-pbl__MACCITY.tax-extend__MACCITY.tint-linear__MACCITY.map-nn,co,operation,add
01KXPMQEHK6WCFA17CG5BXHR0B,902db5775370f95e,co.op-add__co.cat-undefined__co.vd-pbl__MACCITY.tax-extend__MACCITY.tint-linear__MACCITY.map-nn,co,category,undefined
01KXPMQEHK6WCFA17CG5BXHR0B,902db5775370f95e,co.op-add__co.cat-undefined__co.vd-pbl__MACCITY.tax-extend__MACCITY.tint-linear__MACCITY.map-nn,co,vdist_method,pbl
01KXPMQEHK6WCFA17CG5BXHR0B,902db5775370f95e,co.op-add__co.cat-undefined__co.vd-pbl__MACCITY.tax-extend__MACCITY.tint-linear__MACCITY.map-nn,MACCITY,taxmode,extend
01KXPMQEHK6WCFA17CG5BXHR0B,902db5775370f95e,co.op-add__co.cat-undefined__co.vd-pbl__MACCITY.tax-extend__MACCITY.tint-linear__MACCITY.map-nn,MACCITY,tintalgo,linear
01KXPMQEHK6WCFA17CG5BXHR0B,902db5775370f95e,co.op-add__co.cat-undefined__co.vd-pbl__MACCITY.tax-extend__MACCITY.tint-linear__MACCITY.map-nn,MACCITY,mapalgo,nn
01KXPMQEHK6WCFA17CG5BXHR0B,af553014da5b3f27,co.op-add__co.cat-undefined__co.vd-pbl__MACCITY.tax-extend__MACCITY.tint-linear__MACCITY.map-passthrough,co,operation,add
01KXPMQEHK6WCFA17CG5BXHR0B,af553014da5b3f27,co.op-add__co.cat-undefined__co.vd-pbl__MACCITY.tax-extend__MACCITY.tint-linear__MACCITY.map-passthrough,co,category,undefined
01KXPMQEHK6WCFA17CG5BXHR0B,af553014da5b3f27,co.op-add__co.cat-undefined__co.vd-pbl__MACCITY.tax-extend__MACCITY.tint-linear__MACCITY.map-passthrough,co,vdist_method,pbl
01KXPMQEHK6WCFA17CG5BXHR0B,af553014da5b3f27,co.op-add__co.cat-undefined__co.vd-pbl__MACCITY.tax-extend__MACCITY.tint-linear__MACCITY.map-passthrough,MACCITY,taxmode,extend
01KXPMQEHK6WCFA17CG5BXHR0B,af553014da5b3f27,co.op-add__co.cat-undefined__co.vd-pbl__MACCITY.tax-extend__MACCITY.tint-linear__MACCITY.map-passthrough,MACCITY,tintalgo,linear
01KXPMQEHK6WCFA17CG5BXHR0B,af553014da5b3f27,co.op-add__co.cat-undefined__co.vd-pbl__MACCITY.tax-extend__MACCITY.tint-linear__MACCITY.map-passthrough,MACCITY,mapalgo,passthrough
01KXPMQEHK6WCFA17CG5BXHR0B,b467ee4abaef35b0,co.op-add__co.cat-undefined__co.vd-pbl__MACCITY.tax-extend__MACCITY.tint-nearest__MACCITY.map-bilinear,co,operation,add
01KXPMQEHK6WCFA17CG5BXHR0B,b467ee4abaef35b0,co.op-add__co.cat-undefined__co.vd-pbl__MACCITY.tax-extend__MACCITY.tint-nearest__MACCITY.map-bilinear,co,category,undefined
01KXPMQEHK6WCFA17CG5BXHR0B,b467ee4abaef35b0,co.op-add__co.cat-undefined__co.vd-pbl__MACCITY.tax-extend__MACCITY.tint-nearest__MACCITY.map-bilinear,co,vdist_method,pbl
01KXPMQEHK6WCFA17CG5BXHR0B,b467ee4abaef35b0,co.op-add__co.cat-undefined__co.vd-pbl__MACCITY.tax-extend__MACCITY.tint-nearest__MACCITY.map-bilinear,MACCITY,taxmode,extend
01KXPMQEHK6WCFA17CG5BXHR0B,b467ee4abaef35b0,co.op-add__co.cat-undefined__co.vd-pbl__MACCITY.tax-extend__MACCITY.tint-nearest__MACCITY.map-bilinear,MACCITY,tintalgo,nearest
01KXPMQEHK6WCFA17CG5BXHR0B,b467ee4abaef35b0,co.op-add__co.cat-undefined__co.vd-pbl__MACCITY.tax-extend__MACCITY.tint-nearest__MACCITY.map-bilinear,MACCITY,mapalgo,bilinear
01KXPMQEHK6WCFA17CG5BXHR0B,feb234e0ae13605d,co.op-add__co.cat-undefined__co.vd-pbl__MACCITY.tax-extend__MACCITY.tint-nearest__MACCITY.map-consd,co,operation,add
01KXPMQEHK6WCFA17CG5BXHR0B,feb234e0ae13605d,co.op-add__co.cat-undefined__co.vd-pbl__MACCITY.tax-extend__MACCITY.tint-nearest__MACCITY.map-consd,co,category,undefined
01KXPMQEHK6WCFA17CG5BXHR0B,feb234e0ae13605d,co.op-add__co.cat-undefined__co.vd-pbl__MACCITY.tax-extend__MACCITY.tint-nearest__MACCITY.map-consd,co,vdist_method,pbl
01KXPMQEHK6WCFA17CG5BXHR0B,feb234e0ae13605d,co.op-add__co.cat-undefined__co.vd-pbl__MACCITY.tax-extend__MACCITY.tint-nearest__MACCITY.map-consd,MACCITY,taxmode,extend
01KXPMQEHK6WCFA17CG5BXHR0B,feb234e0ae13605d,co.op-add__co.cat-undefined__co.vd-pbl__MACCITY.tax-extend__MACCITY.tint-nearest__MACCITY.map-consd,MACCITY,tintalgo,nearest
01KXPMQEHK6WCFA17CG5BXHR0B,feb234e0ae13605d,co.op-add__co.cat-undefined__co.vd-pbl__MACCITY.tax-extend__MACCITY.tint-nearest__MACCITY.map-consd,MACCITY,mapalgo,consd
01KXPMQEHK6WCFA17CG5BXHR0B,278d8e9a3b0470dd,co.op-add__co.cat-undefined__co.vd-pbl__MACCITY.tax-extend__MACCITY.tint-nearest__MACCITY.map-conss,co,operation,add
01KXPMQEHK6WCFA17CG5BXHR0B,278d8e9a3b0470dd,co.op-add__co.cat-undefined__co.vd-pbl__MACCITY.tax-extend__MACCITY.tint-nearest__MACCITY.map-conss,co,category,undefined
01KXPMQEHK6WCFA17CG5BXHR0B,278d8e9a3b0470dd,co.op-add__co.cat-undefined__co.vd-pbl__MACCITY.tax-extend__MACCITY.tint-nearest__MACCITY.map-conss,co,vdist_method,pbl
01KXPMQEHK6WCFA17CG5BXHR0B,278d8e9a3b0470dd,co.op-add__co.cat-undefined__co.vd-pbl__MACCITY.tax-extend__MACCITY.tint-nearest__MACCITY.map-conss,MACCITY,taxmode,extend
01KXPMQEHK6WCFA17CG5BXHR0B,278d8e9a3b0470dd,co.op-add__co.cat-undefined__co.vd-pbl__MACCITY.tax-extend__MACCITY.tint-nearest__MACCITY.map-conss,MACCITY,tintalgo,nearest
01KXPMQEHK6WCFA17CG5BXHR0B,278d8e9a3b0470dd,co.op-add__co.cat-undefined__co.vd-pbl__MACCITY.tax-extend__MACCITY.tint-nearest__MACCITY.map-conss,MACCITY,mapalgo,conss
01KXPMQEHK6WCFA17CG5BXHR0B,80efc2c3963dc9ea,co.op-add__co.cat-undefined__co.vd-pbl__MACCITY.tax-extend__MACCITY.tint-nearest__MACCITY.map-cubic,co,operation,add
01KXPMQEHK6WCFA17CG5BXHR0B,80efc2c3963dc9ea,co.op-add__co.cat-undefined__co.vd-pbl__MACCITY.tax-extend__MACCITY.tint-nearest__MACCITY.map-cubic,co,category,undefined
01KXPMQEHK6WCFA17CG5BXHR0B,80efc2c3963dc9ea,co.op-add__co.cat-undefined__co.vd-pbl__MACCITY.tax-extend__MACCITY.tint-nearest__MACCITY.map-cubic,co,vdist_method,pbl
01KXPMQEHK6WCFA17CG5BXHR0B,80efc2c3963dc9ea,co.op-add__co.cat-undefined__co.vd-pbl__MACCITY.tax-extend__MACCITY.tint-nearest__MACCITY.map-cubic,MACCITY,taxmode,extend
01KXPMQEHK6WCFA17CG5BXHR0B,80efc2c3963dc9ea,co.op-add__co.cat-undefined__co.vd-pbl__MACCITY.tax-extend__MACCITY.tint-nearest__MACCITY.map-cubic,MACCITY,tintalgo,nearest
01KXPMQEHK6WCFA17CG5BXHR0B,80efc2c3963dc9ea,co.op-add__co.cat-undefined__co.vd-pbl__MACCITY.tax-extend__MACCITY.tint-nearest__MACCITY.map-cubic,MACCITY,mapalgo,cubic
01KXPMQEHK6WCFA17CG5BXHR0B,cfef0d5ff97aef87,co.op-add__co.cat-undefined__co.vd-pbl__MACCITY.tax-extend__MACCITY.tint-nearest__MACCITY.map-nn,co,operation,add
01KXPMQEHK6WCFA17CG5BXHR0B,cfef0d5ff97aef87,co.op-add__co.cat-undefined__co.vd-pbl__MACCITY.tax-extend__MACCITY.tint-nearest__MACCITY.map-nn,co,category,undefined
01KXPMQEHK6WCFA17CG5BXHR0B,cfef0d5ff97aef87,co.op-add__co.cat-undefined__co.vd-pbl__MACCITY.tax-extend__MACCITY.tint-nearest__MACCITY.map-nn,co,vdist_method,pbl
01KXPMQEHK6WCFA17CG5BXHR0B,cfef0d5ff97aef87,co.op-add__co.cat-undefined__co.vd-pbl__MACCITY.tax-extend__MACCITY.tint-nearest__MACCITY.map-nn,MACCITY,taxmode,extend
01KXPMQEHK6WCFA17CG5BXHR0B,cfef0d5ff97aef87,co.op-add__co.cat-undefined__co.vd-pbl__MACCITY.tax-extend__MACCITY.tint-nearest__MACCITY.map-nn,MACCITY,tintalgo,nearest
01KXPMQEHK6WCFA17CG5BXHR0B,cfef0d5ff97aef87,co.op-add__co.cat-undefined__co.vd-pbl__MACCITY.tax-extend__MACCITY.tint-nearest__MACCITY.map-nn,MACCITY,mapalgo,nn
01KXPMQEHK6WCFA17CG5BXHR0B,ed9fc2b932c8f760,co.op-add__co.cat-undefined__co.vd-pbl__MACCITY.tax-extend__MACCITY.tint-nearest__MACCITY.map-passthrough,co,operation,add
01KXPMQEHK6WCFA17CG5BXHR0B,ed9fc2b932c8f760,co.op-add__co.cat-undefined__co.vd-pbl__MACCITY.tax-extend__MACCITY.tint-nearest__MACCITY.map-passthrough,co,category,undefined
01KXPMQEHK6WCFA17CG5BXHR0B,ed9fc2b932c8f760,co.op-add__co.cat-undefined__co.vd-pbl__MACCITY.tax-extend__MACCITY.tint-nearest__MACCITY.map-passthrough,co,vdist_method,pbl
01KXPMQEHK6WCFA17CG5BXHR0B,ed9fc2b932c8f760,co.op-add__co.cat-undefined__co.vd-pbl__MACCITY.tax-extend__MACCITY.tint-nearest__MACCITY.map-passthrough,MACCITY,taxmode,extend
01KXPMQEHK6WCFA17CG5BXHR0B,ed9fc2b932c8f760,co.op-add__co.cat-undefined__co.vd-pbl__MACCITY.tax-extend__MACCITY.tint-nearest__MACCITY.map-passthrough,MACCITY,tintalgo,nearest
01KXPMQEHK6WCFA17CG5BXHR0B,ed9fc2b932c8f760,co.op-add__co.cat-undefined__co.vd-pbl__MACCITY.tax-extend__MACCITY.tint-nearest__MACCITY.map-passthrough,MACCITY,mapalgo,passthrough
01KXPMQEHK6WCFA17CG5BXHR0B,fde3e7e6e42534b7,co.op-add__co.cat-undefined__co.vd-pressure__MACCITY.tax-cycle__MACCITY.tint-linear__MACCITY.map-bilinear,co,operation,add
01KXPMQEHK6WCFA17CG5BXHR0B,fde3e7e6e42534b7,co.op-add__co.cat-undefined__co.vd-pressure__MACCITY.tax-cycle__MACCITY.tint-linear__MACCITY.map-bilinear,co,category,undefined
01KXPMQEHK6WCFA17CG5BXHR0B,fde3e7e6e42534b7,co.op-add__co.cat-undefined__co.vd-pressure__MACCITY.tax-cycle__MACCITY.tint-linear__MACCITY.map-bilinear,co,vdist_method,pressure
01KXPMQEHK6WCFA17CG5BXHR0B,fde3e7e6e42534b7,co.op-add__co.cat-undefined__co.vd-pressure__MACCITY.tax-cycle__MACCITY.tint-linear__MACCITY.map-bilinear,MACCITY,taxmode,cycle
01KXPMQEHK6WCFA17CG5BXHR0B,fde3e7e6e42534b7,co.op-add__co.cat-undefined__co.vd-pressure__MACCITY.tax-cycle__MACCITY.tint-linear__MACCITY.map-bilinear,MACCITY,tintalgo,linear
01KXPMQEHK6WCFA17CG5BXHR0B,fde3e7e6e42534b7,co.op-add__co.cat-undefined__co.vd-pressure__MACCITY.tax-cycle__MACCITY.tint-linear__MACCITY.map-bilinear,MACCITY,mapalgo,bilinear
01KXPMQEHK6WCFA17CG5BXHR0B,6a46ac95d1b94e95,co.op-add__co.cat-undefined__co.vd-pressure__MACCITY.tax-cycle__MACCITY.tint-linear__MACCITY.map-consd,co,operation,add
01KXPMQEHK6WCFA17CG5BXHR0B,6a46ac95d1b94e95,co.op-add__co.cat-undefined__co.vd-pressure__MACCITY.tax-cycle__MACCITY.tint-linear__MACCITY.map-consd,co,category,undefined
01KXPMQEHK6WCFA17CG5BXHR0B,6a46ac95d1b94e95,co.op-add__co.cat-undefined__co.vd-pressure__MACCITY.tax-cycle__MACCITY.tint-linear__MACCITY.map-consd,co,vdist_method,pressure
01KXPMQEHK6WCFA17CG5BXHR0B,6a46ac95d1b94e95,co.op-add__co.cat-undefined__co.vd-pressure__MACCITY.tax-cycle__MACCITY.tint-linear__MACCITY.map-consd,MACCITY,taxmode,cycle
01KXPMQEHK6WCFA17CG5BXHR0B,6a46ac95d1b94e95,co.op-add__co.cat-undefined__co.vd-pressure__MACCITY.tax-cycle__MACCITY.tint-linear__MACCITY.map-consd,MACCITY,tintalgo,linear
01KXPMQEHK6WCFA17CG5BXHR0B,6a46ac95d1b94e95,co.op-add__co.cat-undefined__co.vd-pressure__MACCITY.tax-cycle__MACCITY.tint-linear__MACCITY.map-consd,MACCITY,mapalgo,consd
01KXPMQEHK6WCFA17CG5BXHR0B,be80ce235ee1bd4d,co.op-add__co.cat-undefined__co.vd-pressure__MACCITY.tax-cycle__MACCITY.tint-linear__MACCITY.map-conss,co,operation,add
01KXPMQEHK6WCFA17CG5BXHR0B,be80ce235ee1bd4d,co.op-add__co.cat-undefined__co.vd-pressure__MACCITY.tax-cycle__MACCITY.tint-linear__MACCITY.map-conss,co,category,undefined
01KXPMQEHK6WCFA17CG5BXHR0B,be80ce235ee1bd4d,co.op-add__co.cat-undefined__co.vd-pressure__MACCITY.tax-cycle__MACCITY.tint-linear__MACCITY.map-conss,co,vdist_method,pressure
01KXPMQEHK6WCFA17CG5BXHR0B,be80ce235ee1bd4d,co.op-add__co.cat-undefined__co.vd-pressure__MACCITY.tax-cycle__MACCITY.tint-linear__MACCITY.map-conss,MACCITY,taxmode,cycle
01KXPMQEHK6WCFA17CG5BXHR0B,be80ce235ee1bd4d,co.op-add__co.cat-undefined__co.vd-pressure__MACCITY.tax-cycle__MACCITY.tint-linear__MACCITY.map-conss,MACCITY,tintalgo,linear
01KXPMQEHK6WCFA17CG5BXHR0B,be80ce235ee1bd4d,co.op-add__co.cat-undefined__co.vd-pressure__MACCITY.tax-cycle__MACCITY.tint-linear__MACCITY.map-conss,MACCITY,mapalgo,conss
01KXPMQEHK6WCFA17CG5BXHR0B,810f058a814ffb3e,co.op-add__co.cat-undefined__co.vd-pressure__MACCITY.tax-cycle__MACCITY.tint-linear__MACCITY.map-cubic,co,operation,add
01KXPMQEHK6WCFA17CG5BXHR0B,810f058a814ffb3e,co.op-add__co.cat-undefined__co.vd-pressure__MACCITY.tax-cycle__MACCITY.tint-linear__MACCITY.map-cubic,co,category,undefined
01KXPMQEHK6WCFA17CG5BXHR0B,810f058a814ffb3e,co.op-add__co.cat-undefined__co.vd-pressure__MACCITY.tax-cycle__MACCITY.tint-linear__MACCITY.map-cubic,co,vdist_method,pressure
01KXPMQEHK6WCFA17CG5BXHR0B,810f058a814ffb3e,co.op-add__co.cat-undefined__co.vd-pressure__MACCITY.tax-cycle__MACCITY.tint-linear__MACCITY.map-cubic,MACCITY,taxmode,cycle
01KXPMQEHK6WCFA17CG5BXHR0B,810f058a814ffb3e,co.op-add__co.cat-undefined__co.vd-pressure__MACCITY.tax-cycle__MACCITY.tint-linear__MACCITY.map-cubic,MACCITY,tintalgo,linear
01KXPMQEHK6WCFA17CG5BXHR0B,810f058a814ffb3e,co.op-add__co.cat-undefined__co.vd-pressure__MACCITY.tax-cycle__MACCITY.tint-linear__MACCITY.map-cubic,MACCITY,mapalgo,cubic
01KXPMQEHK6WCFA17CG5BXHR0B,ddfaf585b0e606e9,co.op-add__co.cat-undefined__co.vd-pressure__MACCITY.tax-cycle__MACCITY.tint-linear__MACCITY.map-nn,co,operation,add
01KXPMQEHK6WCFA17CG5BXHR0B,ddfaf585b0e606e9,co.op-add__co.cat-undefined__co.vd-pressure__MACCITY.tax-cycle__MACCITY.tint-linear__MACCITY.map-nn,co,category,undefined
01KXPMQEHK6WCFA17CG5BXHR0B,ddfaf585b0e606e9,co.op-add__co.cat-undefined__co.vd-pressure__MACCITY.tax-cycle__MACCITY.tint-linear__MACCITY.map-nn,co,vdist_method,pressure
01KXPMQEHK6WCFA17CG5BXHR0B,ddfaf585b0e606e9,co.op-add__co.cat-undefined__co.vd-pressure__MACCITY.tax-cycle__MACCITY.tint-linear__MACCITY.map-nn,MACCITY,taxmode,cycle
01KXPMQEHK6WCFA17CG5BXHR0B,ddfaf585b0e606e9,co.op-add__co.cat-undefined__co.vd-pressure__MACCITY.tax-cycle__MACCITY.tint-linear__MACCITY.map-nn,MACCITY,tintalgo,linear
01KXPMQEHK6WCFA17CG5BXHR0B,ddfaf585b0e606e9,co.op-add__co.cat-undefined__co.vd-pressure__MACCITY.tax-cycle__MACCITY.tint-linear__MACCITY.map-nn,MACCITY,mapalgo,nn
01KXPMQEHK6WCFA17CG5BXHR0B,8897348f70b17b95,co.op-add__co.cat-undefined__co.vd-pressure__MACCITY.tax-cycle__MACCITY.tint-linear__MACCITY.map-passthrough,co,operation,add
01KXPMQEHK6WCFA17CG5BXHR0B,8897348f70b17b95,co.op-add__co.cat-undefined__co.vd-pressure__MACCITY.tax-cycle__MACCITY.tint-linear__MACCITY.map-passthrough,co,category,undefined
01KXPMQEHK6WCFA17CG5BXHR0B,8897348f70b17b95,co.op-add__co.cat-undefined__co.vd-pressure__MACCITY.tax-cycle__MACCITY.tint-linear__MACCITY.map-passthrough,co,vdist_method,pressure
01KXPMQEHK6WCFA17CG5BXHR0B,8897348f70b17b95,co.op-add__co.cat-undefined__co.vd-pressure__MACCITY.tax-cycle__MACCITY.tint-linear__MACCITY.map-passthrough,MACCITY,taxmode,cycle
01KXPMQEHK6WCFA17CG5BXHR0B,8897348f70b17b95,co.op-add__co.cat-undefined__co.vd-pressure__MACCITY.tax-cycle__MACCITY.tint-linear__MACCITY.map-passthrough,MACCITY,tintalgo,linear
01KXPMQEHK6WCFA17CG5BXHR0B,8897348f70b17b95,co.op-add__co.cat-undefined__co.vd-pressure__MACCITY.tax-cycle__MACCITY.tint-linear__MACCITY.map-passthrough,MACCITY,mapalgo,passthrough
01KXPMQEHK6WCFA17CG5BXHR0B,8e3b9ff0d8abc845,co.op-add__co.cat-undefined__co.vd-pressure__MACCITY.tax-cycle__MACCITY.tint-nearest__MACCITY.map-bilinear,co,operation,add
01KXPMQEHK6WCFA17CG5BXHR0B,8e3b9ff0d8abc845,co.op-add__co.cat-undefined__co.vd-pressure__MACCITY.tax-cycle__MACCITY.tint-nearest__MACCITY.map-bilinear,co,category,undefined
01KXPMQEHK6WCFA17CG5BXHR0B,8e3b9ff0d8abc845,co.op-add__co.cat-undefined__co.vd-pressure__MACCITY.tax-cycle__MACCITY.tint-nearest__MACCITY.map-bilinear,co,vdist_method,pressure
01KXPMQEHK6WCFA17CG5BXHR0B,8e3b9ff0d8abc845,co.op-add__co.cat-undefined__co.vd-pressure__MACCITY.tax-cycle__MACCITY.tint-nearest__MACCITY.map-bilinear,MACCITY,taxmode,cycle
01KXPMQEHK6WCFA17CG5BXHR0B,8e3b9ff0d8abc845,co.op-add__co.cat-undefined__co.vd-pressure__MACCITY.tax-cycle__MACCITY.tint-nearest__MACCITY.map-bilinear,MACCITY,tintalgo,nearest
01KXPMQEHK6WCFA17CG5BXHR0B,8e3b9ff0d8abc845,co.op-add__co.cat-undefined__co.vd-pressure__MACCITY.tax-cycle__MACCITY.tint-nearest__MACCITY.map-bilinear,MACCITY,mapalgo,bilinear
01KXPMQEHK6WCFA17CG5BXHR0B,20ba33ec446dc51e,co.op-add__co.cat-undefined__co.vd-pressure__MACCITY.tax-cycle__MACCITY.tint-nearest__MACCITY.map-consd,co,operation,add
01KXPMQEHK6WCFA17CG5BXHR0B,20ba33ec446dc51e,co.op-add__co.cat-undefined__co.vd-pressure__MACCITY.tax-cycle__MACCITY.tint-nearest__MACCITY.map-consd,co,category,undefined
01KXPMQEHK6WCFA17CG5BXHR0B,20ba33ec446dc51e,co.op-add__co.cat-undefined__co.vd-pressure__MACCITY.tax-cycle__MACCITY.tint-nearest__MACCITY.map-consd,co,vdist_method,pressure
01KXPMQEHK6WCFA17CG5BXHR0B,20ba33ec446dc51e,co.op-add__co.cat-undefined__co.vd-pressure__MACCITY.tax-cycle__MACCITY.tint-nearest__MACCITY.map-consd,MACCITY,taxmode,cycle
01KXPMQEHK6WCFA17CG5BXHR0B,20ba33ec446dc51e,co.op-add__co.cat-undefined__co.vd-pressure__MACCITY.tax-cycle__MACCITY.tint-nearest__MACCITY.map-consd,MACCITY,tintalgo,nearest
01KXPMQEHK6WCFA17CG5BXHR0B,20ba33ec446dc51e,co.op-add__co.cat-undefined__co.vd-pressure__MACCITY.tax-cycle__MACCITY.tint-nearest__MACCITY.map-consd,MACCITY,mapalgo,consd
01KXPMQEHK6WCFA17CG5BXHR0B,3883734f14dde800,co.op-add__co.cat-undefined__co.vd-pressure__MACCITY.tax-cycle__MACCITY.tint-nearest__MACCITY.map-conss,co,operation,add
01KXPMQEHK6WCFA17CG5BXHR0B,3883734f14dde800,co.op-add__co.cat-undefined__co.vd-pressure__MACCITY.tax-cycle__MACCITY.tint-nearest__MACCITY.map-conss,co,category,undefined
01KXPMQEHK6WCFA17CG5BXHR0B,3883734f14dde800,co.op-add__co.cat-undefined__co.vd-pressure__MACCITY.tax-cycle__MACCITY.tint-nearest__MACCITY.map-conss,co,vdist_method,pressure
01KXPMQEHK6WCFA17CG5BXHR0B,3883734f14dde800,co.op-add__co.cat-undefined__co.vd-pressure__MACCITY.tax-cycle__MACCITY.tint-nearest__MACCITY.map-conss,MACCITY,taxmode,cycle
01KXPMQEHK6WCFA17CG5BXHR0B,3883734f14dde800,co.op-add__co.cat-undefined__co.vd-pressure__MACCITY.tax-cycle__MACCITY.tint-nearest__MACCITY.map-conss,MACCITY,tintalgo,nearest
01KXPMQEHK6WCFA17CG5BXHR0B,3883734f14dde800,co.op-add__co.cat-undefined__co.vd-pressure__MACCITY.tax-cycle__MACCITY.tint-nearest__MACCITY.map-conss,MACCITY,mapalgo,conss
01KXPMQEHK6WCFA17CG5BXHR0B,c2e324cb3b889a95,co.op-add__co.cat-undefined__co.vd-pressure__MACCITY.tax-cycle__MACCITY.tint-nearest__MACCITY.map-cubic,co,operation,add
01KXPMQEHK6WCFA17CG5BXHR0B,c2e324cb3b889a95,co.op-add__co.cat-undefined__co.vd-pressure__MACCITY.tax-cycle__MACCITY.tint-nearest__MACCITY.map-cubic,co,category,undefined
01KXPMQEHK6WCFA17CG5BXHR0B,c2e324cb3b889a95,co.op-add__co.cat-undefined__co.vd-pressure__MACCITY.tax-cycle__MACCITY.tint-nearest__MACCITY.map-cubic,co,vdist_method,pressure
01KXPMQEHK6WCFA17CG5BXHR0B,c2e324cb3b889a95,co.op-add__co.cat-undefined__co.vd-pressure__MACCITY.tax-cycle__MACCITY.tint-nearest__MACCITY.map-cubic,MACCITY,taxmode,cycle
01KXPMQEHK6WCFA17CG5BXHR0B,c2e324cb3b889a95,co.op-add__co.cat-undefined__co.vd-pressure__MACCITY.tax-cycle__MACCITY.tint-nearest__MACCITY.map-cubic,MACCITY,tintalgo,nearest
01KXPMQEHK6WCFA17CG5BXHR0B,c2e324cb3b889a95,co.op-add__co.cat-undefined__co.vd-pressure__MACCITY.tax-cycle__MACCITY.tint-nearest__MACCITY.map-cubic,MACCITY,mapalgo,cubic
01KXPMQEHK6WCFA17CG5BXHR0B,fb5fd59fccdd2378,co.op-add__co.cat-undefined__co.vd-pressure__MACCITY.tax-cycle__MACCITY.tint-nearest__MACCITY.map-nn,co,operation,add
01KXPMQEHK6WCFA17CG5BXHR0B,fb5fd59fccdd2378,co.op-add__co.cat-undefined__co.vd-pressure__MACCITY.tax-cycle__MACCITY.tint-nearest__MACCITY.map-nn,co,category,undefined
01KXPMQEHK6WCFA17CG5BXHR0B,fb5fd59fccdd2378,co.op-add__co.cat-undefined__co.vd-pressure__MACCITY.tax-cycle__MACCITY.tint-nearest__MACCITY.map-nn,co,vdist_method,pressure
01KXPMQEHK6WCFA17CG5BXHR0B,fb5fd59fccdd2378,co.op-add__co.cat-undefined__co.vd-pressure__MACCITY.tax-cycle__MACCITY.tint-nearest__MACCITY.map-nn,MACCITY,taxmode,cycle
01KXPMQEHK6WCFA17CG5BXHR0B,fb5fd59fccdd2378,co.op-add__co.cat-undefined__co.vd-pressure__MACCITY.tax-cycle__MACCITY.tint-nearest__MACCITY.map-nn,MACCITY,tintalgo,nearest
01KXPMQEHK6WCFA17CG5BXHR0B,fb5fd59fccdd2378,co.op-add__co.cat-undefined__co.vd-pressure__MACCITY.tax-cycle__MACCITY.tint-nearest__MACCITY.map-nn,MACCITY,mapalgo,nn
01KXPMQEHK6WCFA17CG5BXHR0B,949bd0cd66648fc7,co.op-add__co.cat-undefined__co.vd-pressure__MACCITY.tax-cycle__MACCITY.tint-nearest__MACCITY.map-passthrough,co,operation,add
01KXPMQEHK6WCFA17CG5BXHR0B,949bd0cd66648fc7,co.op-add__co.cat-undefined__co.vd-pressure__MACCITY.tax-cycle__MACCITY.tint-nearest__MACCITY.map-passthrough,co,category,undefined
01KXPMQEHK6WCFA17CG5BXHR0B,949bd0cd66648fc7,co.op-add__co.cat-undefined__co.vd-pressure__MACCITY.tax-cycle__MACCITY.tint-nearest__MACCITY.map-passthrough,co,vdist_method,pressure
01KXPMQEHK6WCFA17CG5BXHR0B,949bd0cd66648fc7,co.op-add__co.cat-undefined__co.vd-pressure__MACCITY.tax-cycle__MACCITY.tint-nearest__MACCITY.map-passthrough,MACCITY,taxmode,cycle
01KXPMQEHK6WCFA17CG5BXHR0B,949bd0cd66648fc7,co.op-add__co.cat-undefined__co.vd-pressure__MACCITY.tax-cycle__MACCITY.tint-nearest__MACCITY.map-passthrough,MACCITY,tintalgo,nearest
01KXPMQEHK6WCFA17CG5BXHR0B,949bd0cd66648fc7,co.op-add__co.cat-undefined__co.vd-pressure__MACCITY.tax-cycle__MACCITY.tint-nearest__MACCITY.map-passthrough,MACCITY,mapalgo,passthrough
01KXPMQEHK6WCFA17CG5BXHR0B,fa38b8aa98d00fa7,co.op-add__co.cat-undefined__co.vd-pressure__MACCITY.tax-extend__MACCITY.tint-linear__MACCITY.map-bilinear,co,operation,add
01KXPMQEHK6WCFA17CG5BXHR0B,fa38b8aa98d00fa7,co.op-add__co.cat-undefined__co.vd-pressure__MACCITY.tax-extend__MACCITY.tint-linear__MACCITY.map-bilinear,co,category,undefined
01KXPMQEHK6WCFA17CG5BXHR0B,fa38b8aa98d00fa7,co.op-add__co.cat-undefined__co.vd-pressure__MACCITY.tax-extend__MACCITY.tint-linear__MACCITY.map-bilinear,co,vdist_method,pressure
01KXPMQEHK6WCFA17CG5BXHR0B,fa38b8aa98d00fa7,co.op-add__co.cat-undefined__co.vd-pressure__MACCITY.tax-extend__MACCITY.tint-linear__MACCITY.map-bilinear,MACCITY,taxmode,extend
01KXPMQEHK6WCFA17CG5BXHR0B,fa38b8aa98d00fa7,co.op-add__co.cat-undefined__co.vd-pressure__MACCITY.tax-extend__MACCITY.tint-linear__MACCITY.map-bilinear,MACCITY,tintalgo,linear
01KXPMQEHK6WCFA17CG5BXHR0B,fa38b8aa98d00fa7,co.op-add__co.cat-undefined__co.vd-pressure__MACCITY.tax-extend__MACCITY.tint-linear__MACCITY.map-bilinear,MACCITY,mapalgo,bilinear
01KXPMQEHK6WCFA17CG5BXHR0B,87b2fa498f2965f7,co.op-add__co.cat-undefined__co.vd-pressure__MACCITY.tax-extend__MACCITY.tint-linear__MACCITY.map-consd,co,operation,add
01KXPMQEHK6WCFA17CG5BXHR0B,87b2fa498f2965f7,co.op-add__co.cat-undefined__co.vd-pressure__MACCITY.tax-extend__MACCITY.tint-linear__MACCITY.map-consd,co,category,undefined
01KXPMQEHK6WCFA17CG5BXHR0B,87b2fa498f2965f7,co.op-add__co.cat-undefined__co.vd-pressure__MACCITY.tax-extend__MACCITY.tint-linear__MACCITY.map-consd,co,vdist_method,pressure
01KXPMQEHK6WCFA17CG5BXHR0B,87b2fa498f2965f7,co.op-add__co.cat-undefined__co.vd-pressure__MACCITY.tax-extend__MACCITY.tint-linear__MACCITY.map-consd,MACCITY,taxmode,extend
01KXPMQEHK6WCFA17CG5BXHR0B,87b2fa498f2965f7,co.op-add__co.cat-undefined__co.vd-pressure__MACCITY.tax-extend__MACCITY.tint-linear__MACCITY.map-consd,MACCITY,tintalgo,linear
01KXPMQEHK6WCFA17CG5BXHR0B,87b2fa498f2965f7,co.op-add__co.cat-undefined__co.vd-pressure__MACCITY.tax-extend__MACCITY.tint-linear__MACCITY.map-consd,MACCITY,mapalgo,consd
01KXPMQEHK6WCFA17CG5BXHR0B,2279d3e03a203a44,co.op-add__co.cat-undefined__co.vd-pressure__MACCITY.tax-extend__MACCITY.tint-linear__MACCITY.map-conss,co,operation,add
01KXPMQEHK6WCFA17CG5BXHR0B,2279d3e03a203a44,co.op-add__co.cat-undefined__co.vd-pressure__MACCITY.tax-extend__MACCITY.tint-linear__MACCITY.map-conss,co,category,undefined
01KXPMQEHK6WCFA17CG5BXHR0B,2279d3e03a203a44,co.op-add__co.cat-undefined__co.vd-pressure__MACCITY.tax-extend__MACCITY.tint-linear__MACCITY.map-conss,co,vdist_method,pressure
01KXPMQEHK6WCFA17CG5BXHR0B,2279d3e03a203a44,co.op-add__co.cat-undefined__co.vd-pressure__MACCITY.tax-extend__MACCITY.tint-linear__MACCITY.map-conss,MACCITY,taxmode,extend
01KXPMQEHK6WCFA17CG5BXHR0B,2279d3e03a203a44,co.op-add__co.cat-undefined__co.vd-pressure__MACCITY.tax-extend__MACCITY.tint-linear__MACCITY.map-conss,MACCITY,tintalgo,linear
01KXPMQEHK6WCFA17CG5BXHR0B,2279d3e03a203a44,co.op-add__co.cat-undefined__co.vd-pressure__MACCITY.tax-extend__MACCITY.tint-linear__MACCITY.map-conss,MACCITY,mapalgo,conss
01KXPMQEHK6WCFA17CG5BXHR0B,21bb2266907c77f9,co.op-add__co.cat-undefined__co.vd-pressure__MACCITY.tax-extend__MACCITY.tint-linear__MACCITY.map-cubic,co,operation,add
01KXPMQEHK6WCFA17CG5BXHR0B,21bb2266907c77f9,co.op-add__co.cat-undefined__co.vd-pressure__MACCITY.tax-extend__MACCITY.tint-linear__MACCITY.map-cubic,co,category,undefined
01KXPMQEHK6WCFA17CG5BXHR0B,21bb2266907c77f9,co.op-add__co.cat-undefined__co.vd-pressure__MACCITY.tax-extend__MACCITY.tint-linear__MACCITY.map-cubic,co,vdist_method,pressure
01KXPMQEHK6WCFA17CG5BXHR0B,21bb2266907c77f9,co.op-add__co.cat-undefined__co.vd-pressure__MACCITY.tax-extend__MACCITY.tint-linear__MACCITY.map-cubic,MACCITY,taxmode,extend
01KXPMQEHK6WCFA17CG5BXHR0B,21bb2266907c77f9,co.op-add__co.cat-undefined__co.vd-pressure__MACCITY.tax-extend__MACCITY.tint-linear__MACCITY.map-cubic,MACCITY,tintalgo,linear
01KXPMQEHK6WCFA17CG5BXHR0B,21bb2266907c77f9,co.op-add__co.cat-undefined__co.vd-pressure__MACCITY.tax-extend__MACCITY.tint-linear__MACCITY.map-cubic,MACCITY,mapalgo,cubic
01KXPMQEHK6WCFA17CG5BXHR0B,0b8ed3cc23e3d967,co.op-add__co.cat-undefined__co.vd-pressure__MACCITY.tax-extend__MACCITY.tint-linear__MACCITY.map-nn,co,operation,add
01KXPMQEHK6WCFA17CG5BXHR0B,0b8ed3cc23e3d967,co.op-add__co.cat-undefined__co.vd-pressure__MACCITY.tax-extend__MACCITY.tint-linear__MACCITY.map-nn,co,category,undefined
01KXPMQEHK6WCFA17CG5BXHR0B,0b8ed3cc23e3d967,co.op-add__co.cat-undefined__co.vd-pressure__MACCITY.tax-extend__MACCITY.tint-linear__MACCITY.map-nn,co,vdist_method,pressure
01KXPMQEHK6WCFA17CG5BXHR0B,0b8ed3cc23e3d967,co.op-add__co.cat-undefined__co.vd-pressure__MACCITY.tax-extend__MACCITY.tint-linear__MACCITY.map-nn,MACCITY,taxmode,extend
01KXPMQEHK6WCFA17CG5BXHR0B,0b8ed3cc23e3d967,co.op-add__co.cat-undefined__co.vd-pressure__MACCITY.tax-extend__MACCITY.tint-linear__MACCITY.map-nn,MACCITY,tintalgo,linear
01KXPMQEHK6WCFA17CG5BXHR0B,0b8ed3cc23e3d967,co.op-add__co.cat-undefined__co.vd-pressure__MACCITY.tax-extend__MACCITY.tint-linear__MACCITY.map-nn,MACCITY,mapalgo,nn
01KXPMQEHK6WCFA17CG5BXHR0B,6c2eff7abd847c7c,co.op-add__co.cat-undefined__co.vd-pressure__MACCITY.tax-extend__MACCITY.tint-linear__MACCITY.map-passthrough,co,operation,add
01KXPMQEHK6WCFA17CG5BXHR0B,6c2eff7abd847c7c,co.op-add__co.cat-undefined__co.vd-pressure__MACCITY.tax-extend__MACCITY.tint-linear__MACCITY.map-passthrough,co,category,undefined
01KXPMQEHK6WCFA17CG5BXHR0B,6c2eff7abd847c7c,co.op-add__co.cat-undefined__co.vd-pressure__MACCITY.tax-extend__MACCITY.tint-linear__MACCITY.map-passthrough,co,vdist_method,pressure
01KXPMQEHK6WCFA17CG5BXHR0B,6c2eff7abd847c7c,co.op-add__co.cat-undefined__co.vd-pressure__MACCITY.tax-extend__MACCITY.tint-linear__MACCITY.map-passthrough,MACCITY,taxmode,extend
01KXPMQEHK6WCFA17CG5BXHR0B,6c2eff7abd847c7c,co.op-add__co.cat-undefined__co.vd-pressure__MACCITY.tax-extend__MACCITY.tint-linear__MACCITY.map-passthrough,MACCITY,tintalgo,linear
01KXPMQEHK6WCFA17CG5BXHR0B,6c2eff7abd847c7c,co.op-add__co.cat-undefined__co.vd-pressure__MACCITY.tax-extend__MACCITY.tint-linear__MACCITY.map-passthrough,MACCITY,mapalgo,passthrough
01KXPMQEHK6WCFA17CG5BXHR0B,c3c9b1c3b628a67b,co.op-add__co.cat-undefined__co.vd-pressure__MACCITY.tax-extend__MACCITY.tint-nearest__MACCITY.map-bilinear,co,operation,add
01KXPMQEHK6WCFA17CG5BXHR0B,c3c9b1c3b628a67b,co.op-add__co.cat-undefined__co.vd-pressure__MACCITY.tax-extend__MACCITY.tint-nearest__MACCITY.map-bilinear,co,category,undefined
01KXPMQEHK6WCFA17CG5BXHR0B,c3c9b1c3b628a67b,co.op-add__co.cat-undefined__co.vd-pressure__MACCITY.tax-extend__MACCITY.tint-nearest__MACCITY.map-bilinear,co,vdist_method,pressure
01KXPMQEHK6WCFA17CG5BXHR0B,c3c9b1c3b628a67b,co.op-add__co.cat-undefined__co.vd-pressure__MACCITY.tax-extend__MACCITY.tint-nearest__MACCITY.map-bilinear,MACCITY,taxmode,extend
01KXPMQEHK6WCFA17CG5BXHR0B,c3c9b1c3b628a67b,co.op-add__co.cat-undefined__co.vd-pressure__MACCITY.tax-extend__MACCITY.tint-nearest__MACCITY.map-bilinear,MACCITY,tintalgo,nearest
01KXPMQEHK6WCFA17CG5BXHR0B,c3c9b1c3b628a67b,co.op-add__co.cat-undefined__co.vd-pressure__MACCITY.tax-extend__MACCITY.tint-nearest__MACCITY.map-bilinear,MACCITY,mapalgo,bilinear
01KXPMQEHK6WCFA17CG5BXHR0B,f9dd3e20205b863b,co.op-add__co.cat-undefined__co.vd-pressure__MACCITY.tax-extend__MACCITY.tint-nearest__MACCITY.map-consd,co,operation,add
01KXPMQEHK6WCFA17CG5BXHR0B,f9dd3e20205b863b,co.op-add__co.cat-undefined__co.vd-pressure__MACCITY.tax-extend__MACCITY.tint-nearest__MACCITY.map-consd,co,category,undefined
01KXPMQEHK6WCFA17CG5BXHR0B,f9dd3e20205b863b,co.op-add__co.cat-undefined__co.vd-pressure__MACCITY.tax-extend__MACCITY.tint-nearest__MACCITY.map-consd,co,vdist_method,pressure
01KXPMQEHK6WCFA17CG5BXHR0B,f9dd3e20205b863b,co.op-add__co.cat-undefined__co.vd-pressure__MACCITY.tax-extend__MACCITY.tint-nearest__MACCITY.map-consd,MACCITY,taxmode,extend
01KXPMQEHK6WCFA17CG5BXHR0B,f9dd3e20205b863b,co.op-add__co.cat-undefined__co.vd-pressure__MACCITY.tax-extend__MACCITY.tint-nearest__MACCITY.map-consd,MACCITY,tintalgo,nearest
01KXPMQEHK6WCFA17CG5BXHR0B,f9dd3e20205b863b,co.op-add__co.cat-undefined__co.vd-pressure__MACCITY.tax-extend__MACCITY.tint-nearest__MACCITY.map-consd,MACCITY,mapalgo,consd
01KXPMQEHK6WCFA17CG5BXHR0B,31a13e50eba43729,co.op-add__co.cat-undefined__co.vd-pressure__MACCITY.tax-extend__MACCITY.tint-nearest__MACCITY.map-conss,co,operation,add
01KXPMQEHK6WCFA17CG5BXHR0B,31a13e50eba43729,co.op-add__co.cat-undefined__co.vd-pressure__MACCITY.tax-extend__MACCITY.tint-nearest__MACCITY.map-conss,co,category,undefined
01KXPMQEHK6WCFA17CG5BXHR0B,31a13e50eba43729,co.op-add__co.cat-undefined__co.vd-pressure__MACCITY.tax-extend__MACCITY.tint-nearest__MACCITY.map-conss,co,vdist_method,pressure
01KXPMQEHK6WCFA17CG5BXHR0B,31a13e50eba43729,co.op-add__co.cat-undefined__co.vd-pressure__MACCITY.tax-extend__MACCITY.tint-nearest__MACCITY.map-conss,MACCITY,taxmode,extend
01KXPMQEHK6WCFA17CG5BXHR0B,31a13e50eba43729,co.op-add__co.cat-undefined__co.vd-pressure__MACCITY.tax-extend__MACCITY.tint-nearest__MACCITY.map-conss,MACCITY,tintalgo,nearest
01KXPMQEHK6WCFA17CG5BXHR0B,31a13e50eba43729,co.op-add__co.cat-undefined__co.vd-pressure__MACCITY.tax-extend__MACCITY.tint-nearest__MACCITY.map-conss,MACCITY,mapalgo,conss
01KXPMQEHK6WCFA17CG5BXHR0B,7cee31d9600d475d,co.op-add__co.cat-undefined__co.vd-pressure__MACCITY.tax-extend__MACCITY.tint-nearest__MACCITY.map-cubic,co,operation,add
01KXPMQEHK6WCFA17CG5BXHR0B,7cee31d9600d475d,co.op-add__co.cat-undefined__co.vd-pressure__MACCITY.tax-extend__MACCITY.tint-nearest__MACCITY.map-cubic,co,category,undefined
01KXPMQEHK6WCFA17CG5BXHR0B,7cee31d9600d475d,co.op-add__co.cat-undefined__co.vd-pressure__MACCITY.tax-extend__MACCITY.tint-nearest__MACCITY.map-cubic,co,vdist_method,pressure
01KXPMQEHK6WCFA17CG5BXHR0B,7cee31d9600d475d,co.op-add__co.cat-undefined__co.vd-pressure__MACCITY.tax-extend__MACCITY.tint-nearest__MACCITY.map-cubic,MACCITY,taxmode,extend
01KXPMQEHK6WCFA17CG5BXHR0B,7cee31d9600d475d,co.op-add__co.cat-undefined__co.vd-pressure__MACCITY.tax-extend__MACCITY.tint-nearest__MACCITY.map-cubic,MACCITY,tintalgo,nearest
01KXPMQEHK6WCFA17CG5BXHR0B,7cee31d9600d475d,co.op-add__co.cat-undefined__co.vd-pressure__MACCITY.tax-extend__MACCITY.tint-nearest__MACCITY.map-cubic,MACCITY,mapalgo,cubic
01KXPMQEHK6WCFA17CG5BXHR0B,0f6d2d3a248d6ebe,co.op-add__co.cat-undefined__co.vd-pressure__MACCITY.tax-extend__MACCITY.tint-nearest__MACCITY.map-nn,co,operation,add
01KXPMQEHK6WCFA17CG5BXHR0B,0f6d2d3a248d6ebe,co.op-add__co.cat-undefined__co.vd-pressure__MACCITY.tax-extend__MACCITY.tint-nearest__MACCITY.map-nn,co,category,undefined
01KXPMQEHK6WCFA17CG5BXHR0B,0f6d2d3a248d6ebe,co.op-add__co.cat-undefined__co.vd-pressure__MACCITY.tax-extend__MACCITY.tint-nearest__MACCITY.map-nn,co,vdist_method,pressure
01KXPMQEHK6WCFA17CG5BXHR0B,0f6d2d3a248d6ebe,co.op-add__co.cat-undefined__co.vd-pressure__MACCITY.tax-extend__MACCITY.tint-nearest__MACCITY.map-nn,MACCITY,taxmode,extend
01KXPMQEHK6WCFA17CG5BXHR0B,0f6d2d3a248d6ebe,co.op-add__co.cat-undefined__co.vd-pressure__MACCITY.tax-extend__MACCITY.tint-nearest__MACCITY.map-nn,MACCITY,tintalgo,nearest
01KXPMQEHK6WCFA17CG5BXHR0B,0f6d2d3a248d6ebe,co.op-add__co.cat-undefined__co.vd-pressure__MACCITY.tax-extend__MACCITY.tint-nearest__MACCITY.map-nn,MACCITY,mapalgo,nn
01KXPMQEHK6WCFA17CG5BXHR0B,f591c974af7edb18,co.op-add__co.cat-undefined__co.vd-pressure__MACCITY.tax-extend__MACCITY.tint-nearest__MACCITY.map-passthrough,co,operation,add
01KXPMQEHK6WCFA17CG5BXHR0B,f591c974af7edb18,co.op-add__co.cat-undefined__co.vd-pressure__MACCITY.tax-extend__MACCITY.tint-nearest__MACCITY.map-passthrough,co,category,undefined
01KXPMQEHK6WCFA17CG5BXHR0B,f591c974af7edb18,co.op-add__co.cat-undefined__co.vd-pressure__MACCITY.tax-extend__MACCITY.tint-nearest__MACCITY.map-passthrough,co,vdist_method,pressure
01KXPMQEHK6WCFA17CG5BXHR0B,f591c974af7edb18,co.op-add__co.cat-undefined__co.vd-pressure__MACCITY.tax-extend__MACCITY.tint-nearest__MACCITY.map-passthrough,MACCITY,taxmode,extend
01KXPMQEHK6WCFA17CG5BXHR0B,f591c974af7edb18,co.op-add__co.cat-undefined__co.vd-pressure__MACCITY.tax-extend__MACCITY.tint-nearest__MACCITY.map-passthrough,MACCITY,tintalgo,nearest
01KXPMQEHK6WCFA17CG5BXHR0B,f591c974af7edb18,co.op-add__co.cat-undefined__co.vd-pressure__MACCITY.tax-extend__MACCITY.tint-nearest__MACCITY.map-passthrough,MACCITY,mapalgo,passthrough
01KXPMQEHK6WCFA17CG5BXHR0B,5e72f9e2477aaf6a,co.op-add__co.cat-undefined__co.vd-range__MACCITY.tax-cycle__MACCITY.tint-linear__MACCITY.map-bilinear,co,operation,add
01KXPMQEHK6WCFA17CG5BXHR0B,5e72f9e2477aaf6a,co.op-add__co.cat-undefined__co.vd-range__MACCITY.tax-cycle__MACCITY.tint-linear__MACCITY.map-bilinear,co,category,undefined
01KXPMQEHK6WCFA17CG5BXHR0B,5e72f9e2477aaf6a,co.op-add__co.cat-undefined__co.vd-range__MACCITY.tax-cycle__MACCITY.tint-linear__MACCITY.map-bilinear,co,vdist_method,range
01KXPMQEHK6WCFA17CG5BXHR0B,5e72f9e2477aaf6a,co.op-add__co.cat-undefined__co.vd-range__MACCITY.tax-cycle__MACCITY.tint-linear__MACCITY.map-bilinear,MACCITY,taxmode,cycle
01KXPMQEHK6WCFA17CG5BXHR0B,5e72f9e2477aaf6a,co.op-add__co.cat-undefined__co.vd-range__MACCITY.tax-cycle__MACCITY.tint-linear__MACCITY.map-bilinear,MACCITY,tintalgo,linear
01KXPMQEHK6WCFA17CG5BXHR0B,5e72f9e2477aaf6a,co.op-add__co.cat-undefined__co.vd-range__MACCITY.tax-cycle__MACCITY.tint-linear__MACCITY.map-bilinear,MACCITY,mapalgo,bilinear
01KXPMQEHK6WCFA17CG5BXHR0B,b97b3af515fbdd27,co.op-add__co.cat-undefined__co.vd-range__MACCITY.tax-cycle__MACCITY.tint-linear__MACCITY.map-consd,co,operation,add
01KXPMQEHK6WCFA17CG5BXHR0B,b97b3af515fbdd27,co.op-add__co.cat-undefined__co.vd-range__MACCITY.tax-cycle__MACCITY.tint-linear__MACCITY.map-consd,co,category,undefined
01KXPMQEHK6WCFA17CG5BXHR0B,b97b3af515fbdd27,co.op-add__co.cat-undefined__co.vd-range__MACCITY.tax-cycle__MACCITY.tint-linear__MACCITY.map-consd,co,vdist_method,range
01KXPMQEHK6WCFA17CG5BXHR0B,b97b3af515fbdd27,co.op-add__co.cat-undefined__co.vd-range__MACCITY.tax-cycle__MACCITY.tint-linear__MACCITY.map-consd,MACCITY,taxmode,cycle
01KXPMQEHK6WCFA17CG5BXHR0B,b97b3af515fbdd27,co.op-add__co.cat-undefined__co.vd-range__MACCITY.tax-cycle__MACCITY.tint-linear__MACCITY.map-consd,MACCITY,tintalgo,linear
01KXPMQEHK6WCFA17CG5BXHR0B,b97b3af515fbdd27,co.op-add__co.cat-undefined__co.vd-range__MACCITY.tax-cycle__MACCITY.tint-linear__MACCITY.map-consd,MACCITY,mapalgo,consd
01KXPMQEHK6WCFA17CG5BXHR0B,2a83ec3bb8bf77e7,co.op-add__co.cat-undefined__co.vd-range__MACCITY.tax-cycle__MACCITY.tint-linear__MACCITY.map-conss,co,operation,add
01KXPMQEHK6WCFA17CG5BXHR0B,2a83ec3bb8bf77e7,co.op-add__co.cat-undefined__co.vd-range__MACCITY.tax-cycle__MACCITY.tint-linear__MACCITY.map-conss,co,category,undefined
01KXPMQEHK6WCFA17CG5BXHR0B,2a83ec3bb8bf77e7,co.op-add__co.cat-undefined__co.vd-range__MACCITY.tax-cycle__MACCITY.tint-linear__MACCITY.map-conss,co,vdist_method,range
01KXPMQEHK6WCFA17CG5BXHR0B,2a83ec3bb8bf77e7,co.op-add__co.cat-undefined__co.vd-range__MACCITY.tax-cycle__MACCITY.tint-linear__MACCITY.map-conss,MACCITY,taxmode,cycle
01KXPMQEHK6WCFA17CG5BXHR0B,2a83ec3bb8bf77e7,co.op-add__co.cat-undefined__co.vd-range__MACCITY.tax-cycle__MACCITY.tint-linear__MACCITY.map-conss,MACCITY,tintalgo,linear
01KXPMQEHK6WCFA17CG5BXHR0B,2a83ec3bb8bf77e7,co.op-add__co.cat-undefined__co.vd-range__MACCITY.tax-cycle__MACCITY.tint-linear__MACCITY.map-conss,MACCITY,mapalgo,conss
01KXPMQEHK6WCFA17CG5BXHR0B,111a6bd1e6875344,co.op-add__co.cat-undefined__co.vd-range__MACCITY.tax-cycle__MACCITY.tint-linear__MACCITY.map-cubic,co,operation,add
01KXPMQEHK6WCFA17CG5BXHR0B,111a6bd1e6875344,co.op-add__co.cat-undefined__co.vd-range__MACCITY.tax-cycle__MACCITY.tint-linear__MACCITY.map-cubic,co,category,undefined
01KXPMQEHK6WCFA17CG5BXHR0B,111a6bd1e6875344,co.op-add__co.cat-undefined__co.vd-range__MACCITY.tax-cycle__MACCITY.tint-linear__MACCITY.map-cubic,co,vdist_method,range
01KXPMQEHK6WCFA17CG5BXHR0B,111a6bd1e6875344,co.op-add__co.cat-undefined__co.vd-range__MACCITY.tax-cycle__MACCITY.tint-linear__MACCITY.map-cubic,MACCITY,taxmode,cycle
01KXPMQEHK6WCFA17CG5BXHR0B,111a6bd1e6875344,co.op-add__co.cat-undefined__co.vd-range__MACCITY.tax-cycle__MACCITY.tint-linear__MACCITY.map-cubic,MACCITY,tintalgo,linear
01KXPMQEHK6WCFA17CG5BXHR0B,111a6bd1e6875344,co.op-add__co.cat-undefined__co.vd-range__MACCITY.tax-cycle__MACCITY.tint-linear__MACCITY.map-cubic,MACCITY,mapalgo,cubic
01KXPMQEHK6WCFA17CG5BXHR0B,f3bf5f19dbe351c4,co.op-add__co.cat-undefined__co.vd-range__MACCITY.tax-cycle__MACCITY.tint-linear__MACCITY.map-nn,co,operation,add
01KXPMQEHK6WCFA17CG5BXHR0B,f3bf5f19dbe351c4,co.op-add__co.cat-undefined__co.vd-range__MACCITY.tax-cycle__MACCITY.tint-linear__MACCITY.map-nn,co,category,undefined
01KXPMQEHK6WCFA17CG5BXHR0B,f3bf5f19dbe351c4,co.op-add__co.cat-undefined__co.vd-range__MACCITY.tax-cycle__MACCITY.tint-linear__MACCITY.map-nn,co,vdist_method,range
01KXPMQEHK6WCFA17CG5BXHR0B,f3bf5f19dbe351c4,co.op-add__co.cat-undefined__co.vd-range__MACCITY.tax-cycle__MACCITY.tint-linear__MACCITY.map-nn,MACCITY,taxmode,cycle
01KXPMQEHK6WCFA17CG5BXHR0B,f3bf5f19dbe351c4,co.op-add__co.cat-undefined__co.vd-range__MACCITY.tax-cycle__MACCITY.tint-linear__MACCITY.map-nn,MACCITY,tintalgo,linear
01KXPMQEHK6WCFA17CG5BXHR0B,f3bf5f19dbe351c4,co.op-add__co.cat-undefined__co.vd-range__MACCITY.tax-cycle__MACCITY.tint-linear__MACCITY.map-nn,MACCITY,mapalgo,nn
01KXPMQEHK6WCFA17CG5BXHR0B,08170f11a06cab07,co.op-add__co.cat-undefined__co.vd-range__MACCITY.tax-cycle__MACCITY.tint-linear__MACCITY.map-passthrough,co,operation,add
01KXPMQEHK6WCFA17CG5BXHR0B,08170f11a06cab07,co.op-add__co.cat-undefined__co.vd-range__MACCITY.tax-cycle__MACCITY.tint-linear__MACCITY.map-passthrough,co,category,undefined
01KXPMQEHK6WCFA17CG5BXHR0B,08170f11a06cab07,co.op-add__co.cat-undefined__co.vd-range__MACCITY.tax-cycle__MACCITY.tint-linear__MACCITY.map-passthrough,co,vdist_method,range
01KXPMQEHK6WCFA17CG5BXHR0B,08170f11a06cab07,co.op-add__co.cat-undefined__co.vd-range__MACCITY.tax-cycle__MACCITY.tint-linear__MACCITY.map-passthrough,MACCITY,taxmode,cycle
01KXPMQEHK6WCFA17CG5BXHR0B,08170f11a06cab07,co.op-add__co.cat-undefined__co.vd-range__MACCITY.tax-cycle__MACCITY.tint-linear__MACCITY.map-passthrough,MACCITY,tintalgo,linear
01KXPMQEHK6WCFA17CG5BXHR0B,08170f11a06cab07,co.op-add__co.cat-undefined__co.vd-range__MACCITY.tax-cycle__MACCITY.tint-linear__MACCITY.map-passthrough,MACCITY,mapalgo,passthrough
01KXPMQEHK6WCFA17CG5BXHR0B,c2c6a381c6f04947,co.op-add__co.cat-undefined__co.vd-range__MACCITY.tax-cycle__MACCITY.tint-nearest__MACCITY.map-bilinear,co,operation,add
01KXPMQEHK6WCFA17CG5BXHR0B,c2c6a381c6f04947,co.op-add__co.cat-undefined__co.vd-range__MACCITY.tax-cycle__MACCITY.tint-nearest__MACCITY.map-bilinear,co,category,undefined
01KXPMQEHK6WCFA17CG5BXHR0B,c2c6a381c6f04947,co.op-add__co.cat-undefined__co.vd-range__MACCITY.tax-cycle__MACCITY.tint-nearest__MACCITY.map-bilinear,co,vdist_method,range
01KXPMQEHK6WCFA17CG5BXHR0B,c2c6a381c6f04947,co.op-add__co.cat-undefined__co.vd-range__MACCITY.tax-cycle__MACCITY.tint-nearest__MACCITY.map-bilinear,MACCITY,taxmode,cycle
01KXPMQEHK6WCFA17CG5BXHR0B,c2c6a381c6f04947,co.op-add__co.cat-undefined__co.vd-range__MACCITY.tax-cycle__MACCITY.tint-nearest__MACCITY.map-bilinear,MACCITY,tintalgo,nearest
01KXPMQEHK6WCFA17CG5BXHR0B,c2c6a381c6f04947,co.op-add__co.cat-undefined__co.vd-range__MACCITY.tax-cycle__MACCITY.tint-nearest__MACCITY.map-bilinear,MACCITY,mapalgo,bilinear
01KXPMQEHK6WCFA17CG5BXHR0B,85d2e13c30fbd177,co.op-add__co.cat-undefined__co.vd-range__MACCITY.tax-cycle__MACCITY.tint-nearest__MACCITY.map-consd,co,operation,add
01KXPMQEHK6WCFA17CG5BXHR0B,85d2e13c30fbd177,co.op-add__co.cat-undefined__co.vd-range__MACCITY.tax-cycle__MACCITY.tint-nearest__MACCITY.map-consd,co,category,undefined
01KXPMQEHK6WCFA17CG5BXHR0B,85d2e13c30fbd177,co.op-add__co.cat-undefined__co.vd-range__MACCITY.tax-cycle__MACCITY.tint-nearest__MACCITY.map-consd,co,vdist_method,range
01KXPMQEHK6WCFA17CG5BXHR0B,85d2e13c30fbd177,co.op-add__co.cat-undefined__co.vd-range__MACCITY.tax-cycle__MACCITY.tint-nearest__MACCITY.map-consd,MACCITY,taxmode,cycle
01KXPMQEHK6WCFA17CG5BXHR0B,85d2e13c30fbd177,co.op-add__co.cat-undefined__co.vd-range__MACCITY.tax-cycle__MACCITY.tint-nearest__MACCITY.map-consd,MACCITY,tintalgo,nearest
01KXPMQEHK6WCFA17CG5BXHR0B,85d2e13c30fbd177,co.op-add__co.cat-undefined__co.vd-range__MACCITY.tax-cycle__MACCITY.tint-nearest__MACCITY.map-consd,MACCITY,mapalgo,consd
01KXPMQEHK6WCFA17CG5BXHR0B,3593a05a4aa10317,co.op-add__co.cat-undefined__co.vd-range__MACCITY.tax-cycle__MACCITY.tint-nearest__MACCITY.map-conss,co,operation,add
01KXPMQEHK6WCFA17CG5BXHR0B,3593a05a4aa10317,co.op-add__co.cat-undefined__co.vd-range__MACCITY.tax-cycle__MACCITY.tint-nearest__MACCITY.map-conss,co,category,undefined
01KXPMQEHK6WCFA17CG5BXHR0B,3593a05a4aa10317,co.op-add__co.cat-undefined__co.vd-range__MACCITY.tax-cycle__MACCITY.tint-nearest__MACCITY.map-conss,co,vdist_method,range
01KXPMQEHK6WCFA17CG5BXHR0B,3593a05a4aa10317,co.op-add__co.cat-undefined__co.vd-range__MACCITY.tax-cycle__MACCITY.tint-nearest__MACCITY.map-conss,MACCITY,taxmode,cycle
01KXPMQEHK6WCFA17CG5BXHR0B,3593a05a4aa10317,co.op-add__co.cat-undefined__co.vd-range__MACCITY.tax-cycle__MACCITY.tint-nearest__MACCITY.map-conss,MACCITY,tintalgo,nearest
01KXPMQEHK6WCFA17CG5BXHR0B,3593a05a4aa10317,co.op-add__co.cat-undefined__co.vd-range__MACCITY.tax-cycle__MACCITY.tint-nearest__MACCITY.map-conss,MACCITY,mapalgo,conss
01KXPMQEHK6WCFA17CG5BXHR0B,69ad709bcd8b71ee,co.op-add__co.cat-undefined__co.vd-range__MACCITY.tax-cycle__MACCITY.tint-nearest__MACCITY.map-cubic,co,operation,add
01KXPMQEHK6WCFA17CG5BXHR0B,69ad709bcd8b71ee,co.op-add__co.cat-undefined__co.vd-range__MACCITY.tax-cycle__MACCITY.tint-nearest__MACCITY.map-cubic,co,category,undefined
01KXPMQEHK6WCFA17CG5BXHR0B,69ad709bcd8b71ee,co.op-add__co.cat-undefined__co.vd-range__MACCITY.tax-cycle__MACCITY.tint-nearest__MACCITY.map-cubic,co,vdist_method,range
01KXPMQEHK6WCFA17CG5BXHR0B,69ad709bcd8b71ee,co.op-add__co.cat-undefined__co.vd-range__MACCITY.tax-cycle__MACCITY.tint-nearest__MACCITY.map-cubic,MACCITY,taxmode,cycle
01KXPMQEHK6WCFA17CG5BXHR0B,69ad709bcd8b71ee,co.op-add__co.cat-undefined__co.vd-range__MACCITY.tax-cycle__MACCITY.tint-nearest__MACCITY.map-cubic,MACCITY,tintalgo,nearest
01KXPMQEHK6WCFA17CG5BXHR0B,69ad709bcd8b71ee,co.op-add__co.cat-undefined__co.vd-range__MACCITY.tax-cycle__MACCITY.tint-nearest__MACCITY.map-cubic,MACCITY,mapalgo,cubic
01KXPMQEHK6WCFA17CG5BXHR0B,00eaa0655d702ff7,co.op-add__co.cat-undefined__co.vd-range__MACCITY.tax-cycle__MACCITY.tint-nearest__MACCITY.map-nn,co,operation,add
01KXPMQEHK6WCFA17CG5BXHR0B,00eaa0655d702ff7,co.op-add__co.cat-undefined__co.vd-range__MACCITY.tax-cycle__MACCITY.tint-nearest__MACCITY.map-nn,co,category,undefined
01KXPMQEHK6WCFA17CG5BXHR0B,00eaa0655d702ff7,co.op-add__co.cat-undefined__co.vd-range__MACCITY.tax-cycle__MACCITY.tint-nearest__MACCITY.map-nn,co,vdist_method,range
01KXPMQEHK6WCFA17CG5BXHR0B,00eaa0655d702ff7,co.op-add__co.cat-undefined__co.vd-range__MACCITY.tax-cycle__MACCITY.tint-nearest__MACCITY.map-nn,MACCITY,taxmode,cycle
01KXPMQEHK6WCFA17CG5BXHR0B,00eaa0655d702ff7,co.op-add__co.cat-undefined__co.vd-range__MACCITY.tax-cycle__MACCITY.tint-nearest__MACCITY.map-nn,MACCITY,tintalgo,nearest
01KXPMQEHK6WCFA17CG5BXHR0B,00eaa0655d702ff7,co.op-add__co.cat-undefined__co.vd-range__MACCITY.tax-cycle__MACCITY.tint-nearest__MACCITY.map-nn,MACCITY,mapalgo,nn
01KXPMQEHK6WCFA17CG5BXHR0B,5a555c956c801089,co.op-add__co.cat-undefined__co.vd-range__MACCITY.tax-cycle__MACCITY.tint-nearest__MACCITY.map-passthrough,co,operation,add
01KXPMQEHK6WCFA17CG5BXHR0B,5a555c956c801089,co.op-add__co.cat-undefined__co.vd-range__MACCITY.tax-cycle__MACCITY.tint-nearest__MACCITY.map-passthrough,co,category,undefined
01KXPMQEHK6WCFA17CG5BXHR0B,5a555c956c801089,co.op-add__co.cat-undefined__co.vd-range__MACCITY.tax-cycle__MACCITY.tint-nearest__MACCITY.map-passthrough,co,vdist_method,range
01KXPMQEHK6WCFA17CG5BXHR0B,5a555c956c801089,co.op-add__co.cat-undefined__co.vd-range__MACCITY.tax-cycle__MACCITY.tint-nearest__MACCITY.map-passthrough,MACCITY,taxmode,cycle
01KXPMQEHK6WCFA17CG5BXHR0B,5a555c956c801089,co.op-add__co.cat-undefined__co.vd-range__MACCITY.tax-cycle__MACCITY.tint-nearest__MACCITY.map-passthrough,MACCITY,tintalgo,nearest
01KXPMQEHK6WCFA17CG5BXHR0B,5a555c956c801089,co.op-add__co.cat-undefined__co.vd-range__MACCITY.tax-cycle__MACCITY.tint-nearest__MACCITY.map-passthrough,MACCITY,mapalgo,passthrough
01KXPMQEHK6WCFA17CG5BXHR0B,d1a02ce3679c5914,co.op-add__co.cat-undefined__co.vd-range__MACCITY.tax-extend__MACCITY.tint-linear__MACCITY.map-bilinear,co,operation,add
01KXPMQEHK6WCFA17CG5BXHR0B,d1a02ce3679c5914,co.op-add__co.cat-undefined__co.vd-range__MACCITY.tax-extend__MACCITY.tint-linear__MACCITY.map-bilinear,co,category,undefined
01KXPMQEHK6WCFA17CG5BXHR0B,d1a02ce3679c5914,co.op-add__co.cat-undefined__co.vd-range__MACCITY.tax-extend__MACCITY.tint-linear__MACCITY.map-bilinear,co,vdist_method,range
01KXPMQEHK6WCFA17CG5BXHR0B,d1a02ce3679c5914,co.op-add__co.cat-undefined__co.vd-range__MACCITY.tax-extend__MACCITY.tint-linear__MACCITY.map-bilinear,MACCITY,taxmode,extend
01KXPMQEHK6WCFA17CG5BXHR0B,d1a02ce3679c5914,co.op-add__co.cat-undefined__co.vd-range__MACCITY.tax-extend__MACCITY.tint-linear__MACCITY.map-bilinear,MACCITY,tintalgo,linear
01KXPMQEHK6WCFA17CG5BXHR0B,d1a02ce3679c5914,co.op-add__co.cat-undefined__co.vd-range__MACCITY.tax-extend__MACCITY.tint-linear__MACCITY.map-bilinear,MACCITY,mapalgo,bilinear
01KXPMQEHK6WCFA17CG5BXHR0B,4adbfb803b02ee7c,co.op-add__co.cat-undefined__co.vd-range__MACCITY.tax-extend__MACCITY.tint-linear__MACCITY.map-consd,co,operation,add
01KXPMQEHK6WCFA17CG5BXHR0B,4adbfb803b02ee7c,co.op-add__co.cat-undefined__co.vd-range__MACCITY.tax-extend__MACCITY.tint-linear__MACCITY.map-consd,co,category,undefined
01KXPMQEHK6WCFA17CG5BXHR0B,4adbfb803b02ee7c,co.op-add__co.cat-undefined__co.vd-range__MACCITY.tax-extend__MACCITY.tint-linear__MACCITY.map-consd,co,vdist_method,range
01KXPMQEHK6WCFA17CG5BXHR0B,4adbfb803b02ee7c,co.op-add__co.cat-undefined__co.vd-range__MACCITY.tax-extend__MACCITY.tint-linear__MACCITY.map-consd,MACCITY,taxmode,extend
01KXPMQEHK6WCFA17CG5BXHR0B,4adbfb803b02ee7c,co.op-add__co.cat-undefined__co.vd-range__MACCITY.tax-extend__MACCITY.tint-linear__MACCITY.map-consd,MACCITY,tintalgo,linear
01KXPMQEHK6WCFA17CG5BXHR0B,4adbfb803b02ee7c,co.op-add__co.cat-undefined__co.vd-range__MACCITY.tax-extend__MACCITY.tint-linear__MACCITY.map-consd,MACCITY,mapalgo,consd
01KXPMQEHK6WCFA17CG5BXHR0B,12a2088fdb4a53ac,co.op-add__co.cat-undefined__co.vd-range__MACCITY.tax-extend__MACCITY.tint-linear__MACCITY.map-conss,co,operation,add
01KXPMQEHK6WCFA17CG5BXHR0B,12a2088fdb4a53ac,co.op-add__co.cat-undefined__co.vd-range__MACCITY.tax-extend__MACCITY.tint-linear__MACCITY.map-conss,co,category,undefined
01KXPMQEHK6WCFA17CG5BXHR0B,12a2088fdb4a53ac,co.op-add__co.cat-undefined__co.vd-range__MACCITY.tax-extend__MACCITY.tint-linear__MACCITY.map-conss,co,vdist_method,range
01KXPMQEHK6WCFA17CG5BXHR0B,12a2088fdb4a53ac,co.op-add__co.cat-undefined__co.vd-range__MACCITY.tax-extend__MACCITY.tint-linear__MACCITY.map-conss,MACCITY,taxmode,extend
01KXPMQEHK6WCFA17CG5BXHR0B,12a2088fdb4a53ac,co.op-add__co.cat-undefined__co.vd-range__MACCITY.tax-extend__MACCITY.tint-linear__MACCITY.map-conss,MACCITY,tintalgo,linear
01KXPMQEHK6WCFA17CG5BXHR0B,12a2088fdb4a53ac,co.op-add__co.cat-undefined__co.vd-range__MACCITY.tax-extend__MACCITY.tint-linear__MACCITY.map-conss,MACCITY,mapalgo,conss
01KXPMQEHK6WCFA17CG5BXHR0B,b17167a798d7b1b4,co.op-add__co.cat-undefined__co.vd-range__MACCITY.tax-extend__MACCITY.tint-linear__MACCITY.map-cubic,co,operation,add
01KXPMQEHK6WCFA17CG5BXHR0B,b17167a798d7b1b4,co.op-add__co.cat-undefined__co.vd-range__MACCITY.tax-extend__MACCITY.tint-linear__MACCITY.map-cubic,co,category,undefined
01KXPMQEHK6WCFA17CG5BXHR0B,b17167a798d7b1b4,co.op-add__co.cat-undefined__co.vd-range__MACCITY.tax-extend__MACCITY.tint-linear__MACCITY.map-cubic,co,vdist_method,range
01KXPMQEHK6WCFA17CG5BXHR0B,b17167a798d7b1b4,co.op-add__co.cat-undefined__co.vd-range__MACCITY.tax-extend__MACCITY.tint-linear__MACCITY.map-cubic,MACCITY,taxmode,extend
01KXPMQEHK6WCFA17CG5BXHR0B,b17167a798d7b1b4,co.op-add__co.cat-undefined__co.vd-range__MACCITY.tax-extend__MACCITY.tint-linear__MACCITY.map-cubic,MACCITY,tintalgo,linear
01KXPMQEHK6WCFA17CG5BXHR0B,b17167a798d7b1b4,co.op-add__co.cat-undefined__co.vd-range__MACCITY.tax-extend__MACCITY.tint-linear__MACCITY.map-cubic,MACCITY,mapalgo,cubic
01KXPMQEHK6WCFA17CG5BXHR0B,f1206b4937cd393a,co.op-add__co.cat-undefined__co.vd-range__MACCITY.tax-extend__MACCITY.tint-linear__MACCITY.map-nn,co,operation,add
01KXPMQEHK6WCFA17CG5BXHR0B,f1206b4937cd393a,co.op-add__co.cat-undefined__co.vd-range__MACCITY.tax-extend__MACCITY.tint-linear__MACCITY.map-nn,co,category,undefined
01KXPMQEHK6WCFA17CG5BXHR0B,f1206b4937cd393a,co.op-add__co.cat-undefined__co.vd-range__MACCITY.tax-extend__MACCITY.tint-linear__MACCITY.map-nn,co,vdist_method,range
01KXPMQEHK6WCFA17CG5BXHR0B,f1206b4937cd393a,co.op-add__co.cat-undefined__co.vd-range__MACCITY.tax-extend__MACCITY.tint-linear__MACCITY.map-nn,MACCITY,taxmode,extend
01KXPMQEHK6WCFA17CG5BXHR0B,f1206b4937cd393a,co.op-add__co.cat-undefined__co.vd-range__MACCITY.tax-extend__MACCITY.tint-linear__MACCITY.map-nn,MACCITY,tintalgo,linear
01KXPMQEHK6WCFA17CG5BXHR0B,f1206b4937cd393a,co.op-add__co.cat-undefined__co.vd-range__MACCITY.tax-extend__MACCITY.tint-linear__MACCITY.map-nn,MACCITY,mapalgo,nn
01KXPMQEHK6WCFA17CG5BXHR0B,ec3f3ad4e7e12d34,co.op-add__co.cat-undefined__co.vd-range__MACCITY.tax-extend__MACCITY.tint-linear__MACCITY.map-passthrough,co,operation,add
01KXPMQEHK6WCFA17CG5BXHR0B,ec3f3ad4e7e12d34,co.op-add__co.cat-undefined__co.vd-range__MACCITY.tax-extend__MACCITY.tint-linear__MACCITY.map-passthrough,co,category,undefined
01KXPMQEHK6WCFA17CG5BXHR0B,ec3f3ad4e7e12d34,co.op-add__co.cat-undefined__co.vd-range__MACCITY.tax-extend__MACCITY.tint-linear__MACCITY.map-passthrough,co,vdist_method,range
01KXPMQEHK6WCFA17CG5BXHR0B,ec3f3ad4e7e12d34,co.op-add__co.cat-undefined__co.vd-range__MACCITY.tax-extend__MACCITY.tint-linear__MACCITY.map-passthrough,MACCITY,taxmode,extend
01KXPMQEHK6WCFA17CG5BXHR0B,ec3f3ad4e7e12d34,co.op-add__co.cat-undefined__co.vd-range__MACCITY.tax-extend__MACCITY.tint-linear__MACCITY.map-passthrough,MACCITY,tintalgo,linear
01KXPMQEHK6WCFA17CG5BXHR0B,ec3f3ad4e7e12d34,co.op-add__co.cat-undefined__co.vd-range__MACCITY.tax-extend__MACCITY.tint-linear__MACCITY.map-passthrough,MACCITY,mapalgo,passthrough
01KXPMQEHK6WCFA17CG5BXHR0B,0e3193256e34595d,co.op-add__co.cat-undefined__co.vd-range__MACCITY.tax-extend__MACCITY.tint-nearest__MACCITY.map-bilinear,co,operation,add
01KXPMQEHK6WCFA17CG5BXHR0B,0e3193256e34595d,co.op-add__co.cat-undefined__co.vd-range__MACCITY.tax-extend__MACCITY.tint-nearest__MACCITY.map-bilinear,co,category,undefined
01KXPMQEHK6WCFA17CG5BXHR0B,0e3193256e34595d,co.op-add__co.cat-undefined__co.vd-range__MACCITY.tax-extend__MACCITY.tint-nearest__MACCITY.map-bilinear,co,vdist_method,range
01KXPMQEHK6WCFA17CG5BXHR0B,0e3193256e34595d,co.op-add__co.cat-undefined__co.vd-range__MACCITY.tax-extend__MACCITY.tint-nearest__MACCITY.map-bilinear,MACCITY,taxmode,extend
01KXPMQEHK6WCFA17CG5BXHR0B,0e3193256e34595d,co.op-add__co.cat-undefined__co.vd-range__MACCITY.tax-extend__MACCITY.tint-nearest__MACCITY.map-bilinear,MACCITY,tintalgo,nearest
01KXPMQEHK6WCFA17CG5BXHR0B,0e3193256e34595d,co.op-add__co.cat-undefined__co.vd-range__MACCITY.tax-extend__MACCITY.tint-nearest__MACCITY.map-bilinear,MACCITY,mapalgo,bilinear
01KXPMQEHK6WCFA17CG5BXHR0B,78295d9a1321b952,co.op-add__co.cat-undefined__co.vd-range__MACCITY.tax-extend__MACCITY.tint-nearest__MACCITY.map-consd,co,operation,add
01KXPMQEHK6WCFA17CG5BXHR0B,78295d9a1321b952,co.op-add__co.cat-undefined__co.vd-range__MACCITY.tax-extend__MACCITY.tint-nearest__MACCITY.map-consd,co,category,undefined
01KXPMQEHK6WCFA17CG5BXHR0B,78295d9a1321b952,co.op-add__co.cat-undefined__co.vd-range__MACCITY.tax-extend__MACCITY.tint-nearest__MACCITY.map-consd,co,vdist_method,range
01KXPMQEHK6WCFA17CG5BXHR0B,78295d9a1321b952,co.op-add__co.cat-undefined__co.vd-range__MACCITY.tax-extend__MACCITY.tint-nearest__MACCITY.map-consd,MACCITY,taxmode,extend
01KXPMQEHK6WCFA17CG5BXHR0B,78295d9a1321b952,co.op-add__co.cat-undefined__co.vd-range__MACCITY.tax-extend__MACCITY.tint-nearest__MACCITY.map-consd,MACCITY,tintalgo,nearest
01KXPMQEHK6WCFA17CG5BXHR0B,78295d9a1321b952,co.op-add__co.cat-undefined__co.vd-range__MACCITY.tax-extend__MACCITY.tint-nearest__MACCITY.map-consd,MACCITY,mapalgo,consd
01KXPMQEHK6WCFA17CG5BXHR0B,f43e567e822176f0,co.op-add__co.cat-undefined__co.vd-range__MACCITY.tax-extend__MACCITY.tint-nearest__MACCITY.map-conss,co,operation,add
01KXPMQEHK6WCFA17CG5BXHR0B,f43e567e822176f0,co.op-add__co.cat-undefined__co.vd-range__MACCITY.tax-extend__MACCITY.tint-nearest__MACCITY.map-conss,co,category,undefined
01KXPMQEHK6WCFA17CG5BXHR0B,f43e567e822176f0,co.op-add__co.cat-undefined__co.vd-range__MACCITY.tax-extend__MACCITY.tint-nearest__MACCITY.map-conss,co,vdist_method,range
01KXPMQEHK6WCFA17CG5BXHR0B,f43e567e822176f0,co.op-add__co.cat-undefined__co.vd-range__MACCITY.tax-extend__MACCITY.tint-nearest__MACCITY.map-conss,MACCITY,taxmode,extend
01KXPMQEHK6WCFA17CG5BXHR0B,f43e567e822176f0,co.op-add__co.cat-undefined__co.vd-range__MACCITY.tax-extend__MACCITY.tint-nearest__MACCITY.map-conss,MACCITY,tintalgo,nearest
01KXPMQEHK6WCFA17CG5BXHR0B,f43e567e822176f0,co.op-add__co.cat-undefined__co.vd-range__MACCITY.tax-extend__MACCITY.tint-nearest__MACCITY.map-conss,MACCITY,mapalgo,conss
01KXPMQEHK6WCFA17CG5BXHR0B,0ca050ce80d33411,co.op-add__co.cat-undefined__co.vd-range__MACCITY.tax-extend__MACCITY.tint-nearest__MACCITY.map-cubic,co,operation,add
01KXPMQEHK6WCFA17CG5BXHR0B,0ca050ce80d33411,co.op-add__co.cat-undefined__co.vd-range__MACCITY.tax-extend__MACCITY.tint-nearest__MACCITY.map-cubic,co,category,undefined
01KXPMQEHK6WCFA17CG5BXHR0B,0ca050ce80d33411,co.op-add__co.cat-undefined__co.vd-range__MACCITY.tax-extend__MACCITY.tint-nearest__MACCITY.map-cubic,co,vdist_method,range
01KXPMQEHK6WCFA17CG5BXHR0B,0ca050ce80d33411,co.op-add__co.cat-undefined__co.vd-range__MACCITY.tax-extend__MACCITY.tint-nearest__MACCITY.map-cubic,MACCITY,taxmode,extend
01KXPMQEHK6WCFA17CG5BXHR0B,0ca050ce80d33411,co.op-add__co.cat-undefined__co.vd-range__MACCITY.tax-extend__MACCITY.tint-nearest__MACCITY.map-cubic,MACCITY,tintalgo,nearest
01KXPMQEHK6WCFA17CG5BXHR0B,0ca050ce80d33411,co.op-add__co.cat-undefined__co.vd-range__MACCITY.tax-extend__MACCITY.tint-nearest__MACCITY.map-cubic,MACCITY,mapalgo,cubic
01KXPMQEHK6WCFA17CG5BXHR0B,c6d9e62bb100c768,co.op-add__co.cat-undefined__co.vd-range__MACCITY.tax-extend__MACCITY.tint-nearest__MACCITY.map-nn,co,operation,add
01KXPMQEHK6WCFA17CG5BXHR0B,c6d9e62bb100c768,co.op-add__co.cat-undefined__co.vd-range__MACCITY.tax-extend__MACCITY.tint-nearest__MACCITY.map-nn,co,category,undefined
01KXPMQEHK6WCFA17CG5BXHR0B,c6d9e62bb100c768,co.op-add__co.cat-undefined__co.vd-range__MACCITY.tax-extend__MACCITY.tint-nearest__MACCITY.map-nn,co,vdist_method,range
01KXPMQEHK6WCFA17CG5BXHR0B,c6d9e62bb100c768,co.op-add__co.cat-undefined__co.vd-range__MACCITY.tax-extend__MACCITY.tint-nearest__MACCITY.map-nn,MACCITY,taxmode,extend
01KXPMQEHK6WCFA17CG5BXHR0B,c6d9e62bb100c768,co.op-add__co.cat-undefined__co.vd-range__MACCITY.tax-extend__MACCITY.tint-nearest__MACCITY.map-nn,MACCITY,tintalgo,nearest
01KXPMQEHK6WCFA17CG5BXHR0B,c6d9e62bb100c768,co.op-add__co.cat-undefined__co.vd-range__MACCITY.tax-extend__MACCITY.tint-nearest__MACCITY.map-nn,MACCITY,mapalgo,nn
01KXPMQEHK6WCFA17CG5BXHR0B,ab3040342c502e5d,co.op-add__co.cat-undefined__co.vd-range__MACCITY.tax-extend__MACCITY.tint-nearest__MACCITY.map-passthrough,co,operation,add
01KXPMQEHK6WCFA17CG5BXHR0B,ab3040342c502e5d,co.op-add__co.cat-undefined__co.vd-range__MACCITY.tax-extend__MACCITY.tint-nearest__MACCITY.map-passthrough,co,category,undefined
01KXPMQEHK6WCFA17CG5BXHR0B,ab3040342c502e5d,co.op-add__co.cat-undefined__co.vd-range__MACCITY.tax-extend__MACCITY.tint-nearest__MACCITY.map-passthrough,co,vdist_method,range
01KXPMQEHK6WCFA17CG5BXHR0B,ab3040342c502e5d,co.op-add__co.cat-undefined__co.vd-range__MACCITY.tax-extend__MACCITY.tint-nearest__MACCITY.map-passthrough,MACCITY,taxmode,extend
01KXPMQEHK6WCFA17CG5BXHR0B,ab3040342c502e5d,co.op-add__co.cat-undefined__co.vd-range__MACCITY.tax-extend__MACCITY.tint-nearest__MACCITY.map-passthrough,MACCITY,tintalgo,nearest
01KXPMQEHK6WCFA17CG5BXHR0B,ab3040342c502e5d,co.op-add__co.cat-undefined__co.vd-range__MACCITY.tax-extend__MACCITY.tint-nearest__MACCITY.map-passthrough,MACCITY,mapalgo,passthrough
01KXPMQEHK6WCFA17CG5BXHR0B,441e3559409b98b9,co.op-add__co.cat-undefined__co.vd-single__MACCITY.tax-cycle__MACCITY.tint-linear__MACCITY.map-bilinear,co,operation,add
01KXPMQEHK6WCFA17CG5BXHR0B,441e3559409b98b9,co.op-add__co.cat-undefined__co.vd-single__MACCITY.tax-cycle__MACCITY.tint-linear__MACCITY.map-bilinear,co,category,undefined
01KXPMQEHK6WCFA17CG5BXHR0B,441e3559409b98b9,co.op-add__co.cat-undefined__co.vd-single__MACCITY.tax-cycle__MACCITY.tint-linear__MACCITY.map-bilinear,co,vdist_method,single
01KXPMQEHK6WCFA17CG5BXHR0B,441e3559409b98b9,co.op-add__co.cat-undefined__co.vd-single__MACCITY.tax-cycle__MACCITY.tint-linear__MACCITY.map-bilinear,MACCITY,taxmode,cycle
01KXPMQEHK6WCFA17CG5BXHR0B,441e3559409b98b9,co.op-add__co.cat-undefined__co.vd-single__MACCITY.tax-cycle__MACCITY.tint-linear__MACCITY.map-bilinear,MACCITY,tintalgo,linear
01KXPMQEHK6WCFA17CG5BXHR0B,441e3559409b98b9,co.op-add__co.cat-undefined__co.vd-single__MACCITY.tax-cycle__MACCITY.tint-linear__MACCITY.map-bilinear,MACCITY,mapalgo,bilinear
01KXPMQEHK6WCFA17CG5BXHR0B,92fffb355d4eed37,co.op-add__co.cat-undefined__co.vd-single__MACCITY.tax-cycle__MACCITY.tint-linear__MACCITY.map-consd,co,operation,add
01KXPMQEHK6WCFA17CG5BXHR0B,92fffb355d4eed37,co.op-add__co.cat-undefined__co.vd-single__MACCITY.tax-cycle__MACCITY.tint-linear__MACCITY.map-consd,co,category,undefined
01KXPMQEHK6WCFA17CG5BXHR0B,92fffb355d4eed37,co.op-add__co.cat-undefined__co.vd-single__MACCITY.tax-cycle__MACCITY.tint-linear__MACCITY.map-consd,co,vdist_method,single
01KXPMQEHK6WCFA17CG5BXHR0B,92fffb355d4eed37,co.op-add__co.cat-undefined__co.vd-single__MACCITY.tax-cycle__MACCITY.tint-linear__MACCITY.map-consd,MACCITY,taxmode,cycle
01KXPMQEHK6WCFA17CG5BXHR0B,92fffb355d4eed37,co.op-add__co.cat-undefined__co.vd-single__MACCITY.tax-cycle__MACCITY.tint-linear__MACCITY.map-consd,MACCITY,tintalgo,linear
01KXPMQEHK6WCFA17CG5BXHR0B,92fffb355d4eed37,co.op-add__co.cat-undefined__co.vd-single__MACCITY.tax-cycle__MACCITY.tint-linear__MACCITY.map-consd,MACCITY,mapalgo,consd
01KXPMQEHK6WCFA17CG5BXHR0B,cee187c12b7e325e,co.op-add__co.cat-undefined__co.vd-single__MACCITY.tax-cycle__MACCITY.tint-linear__MACCITY.map-conss,co,operation,add
01KXPMQEHK6WCFA17CG5BXHR0B,cee187c12b7e325e,co.op-add__co.cat-undefined__co.vd-single__MACCITY.tax-cycle__MACCITY.tint-linear__MACCITY.map-conss,co,category,undefined
01KXPMQEHK6WCFA17CG5BXHR0B,cee187c12b7e325e,co.op-add__co.cat-undefined__co.vd-single__MACCITY.tax-cycle__MACCITY.tint-linear__MACCITY.map-conss,co,vdist_method,single
01KXPMQEHK6WCFA17CG5BXHR0B,cee187c12b7e325e,co.op-add__co.cat-undefined__co.vd-single__MACCITY.tax-cycle__MACCITY.tint-linear__MACCITY.map-conss,MACCITY,taxmode,cycle
01KXPMQEHK6WCFA17CG5BXHR0B,cee187c12b7e325e,co.op-add__co.cat-undefined__co.vd-single__MACCITY.tax-cycle__MACCITY.tint-linear__MACCITY.map-conss,MACCITY,tintalgo,linear
01KXPMQEHK6WCFA17CG5BXHR0B,cee187c12b7e325e,co.op-add__co.cat-undefined__co.vd-single__MACCITY.tax-cycle__MACCITY.tint-linear__MACCITY.map-conss,MACCITY,mapalgo,conss
01KXPMQEHK6WCFA17CG5BXHR0B,827dde6653660b64,co.op-add__co.cat-undefined__co.vd-single__MACCITY.tax-cycle__MACCITY.tint-linear__MACCITY.map-cubic,co,operation,add
01KXPMQEHK6WCFA17CG5BXHR0B,827dde6653660b64,co.op-add__co.cat-undefined__co.vd-single__MACCITY.tax-cycle__MACCITY.tint-linear__MACCITY.map-cubic,co,category,undefined
01KXPMQEHK6WCFA17CG5BXHR0B,827dde6653660b64,co.op-add__co.cat-undefined__co.vd-single__MACCITY.tax-cycle__MACCITY.tint-linear__MACCITY.map-cubic,co,vdist_method,single
01KXPMQEHK6WCFA17CG5BXHR0B,827dde6653660b64,co.op-add__co.cat-undefined__co.vd-single__MACCITY.tax-cycle__MACCITY.tint-linear__MACCITY.map-cubic,MACCITY,taxmode,cycle
01KXPMQEHK6WCFA17CG5BXHR0B,827dde6653660b64,co.op-add__co.cat-undefined__co.vd-single__MACCITY.tax-cycle__MACCITY.tint-linear__MACCITY.map-cubic,MACCITY,tintalgo,linear
01KXPMQEHK6WCFA17CG5BXHR0B,827dde6653660b64,co.op-add__co.cat-undefined__co.vd-single__MACCITY.tax-cycle__MACCITY.tint-linear__MACCITY.map-cubic,MACCITY,mapalgo,cubic
01KXPMQEHK6WCFA17CG5BXHR0B,36bf284141981ee2,co.op-add__co.cat-undefined__co.vd-single__MACCITY.tax-cycle__MACCITY.tint-linear__MACCITY.map-nn,co,operation,add
01KXPMQEHK6WCFA17CG5BXHR0B,36bf284141981ee2,co.op-add__co.cat-undefined__co.vd-single__MACCITY.tax-cycle__MACCITY.tint-linear__MACCITY.map-nn,co,category,undefined
01KXPMQEHK6WCFA17CG5BXHR0B,36bf284141981ee2,co.op-add__co.cat-undefined__co.vd-single__MACCITY.tax-cycle__MACCITY.tint-linear__MACCITY.map-nn,co,vdist_method,single
01KXPMQEHK6WCFA17CG5BXHR0B,36bf284141981ee2,co.op-add__co.cat-undefined__co.vd-single__MACCITY.tax-cycle__MACCITY.tint-linear__MACCITY.map-nn,MACCITY,taxmode,cycle
01KXPMQEHK6WCFA17CG5BXHR0B,36bf284141981ee2,co.op-add__co.cat-undefined__co.vd-single__MACCITY.tax-cycle__MACCITY.tint-linear__MACCITY.map-nn,MACCITY,tintalgo,linear
01KXPMQEHK6WCFA17CG5BXHR0B,36bf284141981ee2,co.op-add__co.cat-undefined__co.vd-single__MACCITY.tax-cycle__MACCITY.tint-linear__MACCITY.map-nn,MACCITY,mapalgo,nn
01KXPMQEHK6WCFA17CG5BXHR0B,7b403b8ec3268cc9,co.op-add__co.cat-undefined__co.vd-single__MACCITY.tax-cycle__MACCITY.tint-linear__MACCITY.map-passthrough,co,operation,add
01KXPMQEHK6WCFA17CG5BXHR0B,7b403b8ec3268cc9,co.op-add__co.cat-undefined__co.vd-single__MACCITY.tax-cycle__MACCITY.tint-linear__MACCITY.map-passthrough,co,category,undefined
01KXPMQEHK6WCFA17CG5BXHR0B,7b403b8ec3268cc9,co.op-add__co.cat-undefined__co.vd-single__MACCITY.tax-cycle__MACCITY.tint-linear__MACCITY.map-passthrough,co,vdist_method,single
01KXPMQEHK6WCFA17CG5BXHR0B,7b403b8ec3268cc9,co.op-add__co.cat-undefined__co.vd-single__MACCITY.tax-cycle__MACCITY.tint-linear__MACCITY.map-passthrough,MACCITY,taxmode,cycle
01KXPMQEHK6WCFA17CG5BXHR0B,7b403b8ec3268cc9,co.op-add__co.cat-undefined__co.vd-single__MACCITY.tax-cycle__MACCITY.tint-linear__MACCITY.map-passthrough,MACCITY,tintalgo,linear
01KXPMQEHK6WCFA17CG5BXHR0B,7b403b8ec3268cc9,co.op-add__co.cat-undefined__co.vd-single__MACCITY.tax-cycle__MACCITY.tint-linear__MACCITY.map-passthrough,MACCITY,mapalgo,passthrough
01KXPMQEHK6WCFA17CG5BXHR0B,3730852003131109,co.op-add__co.cat-undefined__co.vd-single__MACCITY.tax-cycle__MACCITY.tint-nearest__MACCITY.map-bilinear,co,operation,add
01KXPMQEHK6WCFA17CG5BXHR0B,3730852003131109,co.op-add__co.cat-undefined__co.vd-single__MACCITY.tax-cycle__MACCITY.tint-nearest__MACCITY.map-bilinear,co,category,undefined
01KXPMQEHK6WCFA17CG5BXHR0B,3730852003131109,co.op-add__co.cat-undefined__co.vd-single__MACCITY.tax-cycle__MACCITY.tint-nearest__MACCITY.map-bilinear,co,vdist_method,single
01KXPMQEHK6WCFA17CG5BXHR0B,3730852003131109,co.op-add__co.cat-undefined__co.vd-single__MACCITY.tax-cycle__MACCITY.tint-nearest__MACCITY.map-bilinear,MACCITY,taxmode,cycle
01KXPMQEHK6WCFA17CG5BXHR0B,3730852003131109,co.op-add__co.cat-undefined__co.vd-single__MACCITY.tax-cycle__MACCITY.tint-nearest__MACCITY.map-bilinear,MACCITY,tintalgo,nearest
01KXPMQEHK6WCFA17CG5BXHR0B,3730852003131109,co.op-add__co.cat-undefined__co.vd-single__MACCITY.tax-cycle__MACCITY.tint-nearest__MACCITY.map-bilinear,MACCITY,mapalgo,bilinear
01KXPMQEHK6WCFA17CG5BXHR0B,cfd765f003585027,co.op-add__co.cat-undefined__co.vd-single__MACCITY.tax-cycle__MACCITY.tint-nearest__MACCITY.map-consd,co,operation,add
01KXPMQEHK6WCFA17CG5BXHR0B,cfd765f003585027,co.op-add__co.cat-undefined__co.vd-single__MACCITY.tax-cycle__MACCITY.tint-nearest__MACCITY.map-consd,co,category,undefined
01KXPMQEHK6WCFA17CG5BXHR0B,cfd765f003585027,co.op-add__co.cat-undefined__co.vd-single__MACCITY.tax-cycle__MACCITY.tint-nearest__MACCITY.map-consd,co,vdist_method,single
01KXPMQEHK6WCFA17CG5BXHR0B,cfd765f003585027,co.op-add__co.cat-undefined__co.vd-single__MACCITY.tax-cycle__MACCITY.tint-nearest__MACCITY.map-consd,MACCITY,taxmode,cycle
01KXPMQEHK6WCFA17CG5BXHR0B,cfd765f003585027,co.op-add__co.cat-undefined__co.vd-single__MACCITY.tax-cycle__MACCITY.tint-nearest__MACCITY.map-consd,MACCITY,tintalgo,nearest
01KXPMQEHK6WCFA17CG5BXHR0B,cfd765f003585027,co.op-add__co.cat-undefined__co.vd-single__MACCITY.tax-cycle__MACCITY.tint-nearest__MACCITY.map-consd,MACCITY,mapalgo,consd
01KXPMQEHK6WCFA17CG5BXHR0B,c8faf9f8475a8e38,co.op-add__co.cat-undefined__co.vd-single__MACCITY.tax-cycle__MACCITY.tint-nearest__MACCITY.map-conss,co,operation,add
01KXPMQEHK6WCFA17CG5BXHR0B,c8faf9f8475a8e38,co.op-add__co.cat-undefined__co.vd-single__MACCITY.tax-cycle__MACCITY.tint-nearest__MACCITY.map-conss,co,category,undefined
01KXPMQEHK6WCFA17CG5BXHR0B,c8faf9f8475a8e38,co.op-add__co.cat-undefined__co.vd-single__MACCITY.tax-cycle__MACCITY.tint-nearest__MACCITY.map-conss,co,vdist_method,single
01KXPMQEHK6WCFA17CG5BXHR0B,c8faf9f8475a8e38,co.op-add__co.cat-undefined__co.vd-single__MACCITY.tax-cycle__MACCITY.tint-nearest__MACCITY.map-conss,MACCITY,taxmode,cycle
01KXPMQEHK6WCFA17CG5BXHR0B,c8faf9f8475a8e38,co.op-add__co.cat-undefined__co.vd-single__MACCITY.tax-cycle__MACCITY.tint-nearest__MACCITY.map-conss,MACCITY,tintalgo,nearest
01KXPMQEHK6WCFA17CG5BXHR0B,c8faf9f8475a8e38,co.op-add__co.cat-undefined__co.vd-single__MACCITY.tax-cycle__MACCITY.tint-nearest__MACCITY.map-conss,MACCITY,mapalgo,conss
01KXPMQEHK6WCFA17CG5BXHR0B,2f94904781355f3b,co.op-add__co.cat-undefined__co.vd-single__MACCITY.tax-cycle__MACCITY.tint-nearest__MACCITY.map-cubic,co,operation,add
01KXPMQEHK6WCFA17CG5BXHR0B,2f94904781355f3b,co.op-add__co.cat-undefined__co.vd-single__MACCITY.tax-cycle__MACCITY.tint-nearest__MACCITY.map-cubic,co,category,undefined
01KXPMQEHK6WCFA17CG5BXHR0B,2f94904781355f3b,co.op-add__co.cat-undefined__co.vd-single__MACCITY.tax-cycle__MACCITY.tint-nearest__MACCITY.map-cubic,co,vdist_method,single
01KXPMQEHK6WCFA17CG5BXHR0B,2f94904781355f3b,co.op-add__co.cat-undefined__co.vd-single__MACCITY.tax-cycle__MACCITY.tint-nearest__MACCITY.map-cubic,MACCITY,taxmode,cycle
01KXPMQEHK6WCFA17CG5BXHR0B,2f94904781355f3b,co.op-add__co.cat-undefined__co.vd-single__MACCITY.tax-cycle__MACCITY.tint-nearest__MACCITY.map-cubic,MACCITY,tintalgo,nearest
01KXPMQEHK6WCFA17CG5BXHR0B,2f94904781355f3b,co.op-add__co.cat-undefined__co.vd-single__MACCITY.tax-cycle__MACCITY.tint-nearest__MACCITY.map-cubic,MACCITY,mapalgo,cubic
01KXPMQEHK6WCFA17CG5BXHR0B,6cf8bca48c7eab00,co.op-add__co.cat-undefined__co.vd-single__MACCITY.tax-cycle__MACCITY.tint-nearest__MACCITY.map-nn,co,operation,add
01KXPMQEHK6WCFA17CG5BXHR0B,6cf8bca48c7eab00,co.op-add__co.cat-undefined__co.vd-single__MACCITY.tax-cycle__MACCITY.tint-nearest__MACCITY.map-nn,co,category,undefined
01KXPMQEHK6WCFA17CG5BXHR0B,6cf8bca48c7eab00,co.op-add__co.cat-undefined__co.vd-single__MACCITY.tax-cycle__MACCITY.tint-nearest__MACCITY.map-nn,co,vdist_method,single
01KXPMQEHK6WCFA17CG5BXHR0B,6cf8bca48c7eab00,co.op-add__co.cat-undefined__co.vd-single__MACCITY.tax-cycle__MACCITY.tint-nearest__MACCITY.map-nn,MACCITY,taxmode,cycle
01KXPMQEHK6WCFA17CG5BXHR0B,6cf8bca48c7eab00,co.op-add__co.cat-undefined__co.vd-single__MACCITY.tax-cycle__MACCITY.tint-nearest__MACCITY.map-nn,MACCITY,tintalgo,nearest
01KXPMQEHK6WCFA17CG5BXHR0B,6cf8bca48c7eab00,co.op-add__co.cat-undefined__co.vd-single__MACCITY.tax-cycle__MACCITY.tint-nearest__MACCITY.map-nn,MACCITY,mapalgo,nn
01KXPMQEHK6WCFA17CG5BXHR0B,dfb2052d5ab68524,co.op-add__co.cat-undefined__co.vd-single__MACCITY.tax-cycle__MACCITY.tint-nearest__MACCITY.map-passthrough,co,operation,add
01KXPMQEHK6WCFA17CG5BXHR0B,dfb2052d5ab68524,co.op-add__co.cat-undefined__co.vd-single__MACCITY.tax-cycle__MACCITY.tint-nearest__MACCITY.map-passthrough,co,category,undefined
01KXPMQEHK6WCFA17CG5BXHR0B,dfb2052d5ab68524,co.op-add__co.cat-undefined__co.vd-single__MACCITY.tax-cycle__MACCITY.tint-nearest__MACCITY.map-passthrough,co,vdist_method,single
01KXPMQEHK6WCFA17CG5BXHR0B,dfb2052d5ab68524,co.op-add__co.cat-undefined__co.vd-single__MACCITY.tax-cycle__MACCITY.tint-nearest__MACCITY.map-passthrough,MACCITY,taxmode,cycle
01KXPMQEHK6WCFA17CG5BXHR0B,dfb2052d5ab68524,co.op-add__co.cat-undefined__co.vd-single__MACCITY.tax-cycle__MACCITY.tint-nearest__MACCITY.map-passthrough,MACCITY,tintalgo,nearest
01KXPMQEHK6WCFA17CG5BXHR0B,dfb2052d5ab68524,co.op-add__co.cat-undefined__co.vd-single__MACCITY.tax-cycle__MACCITY.tint-nearest__MACCITY.map-passthrough,MACCITY,mapalgo,passthrough
01KXPMQEHK6WCFA17CG5BXHR0B,27b29597a6f20592,co.op-add__co.cat-undefined__co.vd-single__MACCITY.tax-extend__MACCITY.tint-linear__MACCITY.map-bilinear,co,operation,add
01KXPMQEHK6WCFA17CG5BXHR0B,27b29597a6f20592,co.op-add__co.cat-undefined__co.vd-single__MACCITY.tax-extend__MACCITY.tint-linear__MACCITY.map-bilinear,co,category,undefined
01KXPMQEHK6WCFA17CG5BXHR0B,27b29597a6f20592,co.op-add__co.cat-undefined__co.vd-single__MACCITY.tax-extend__MACCITY.tint-linear__MACCITY.map-bilinear,co,vdist_method,single
01KXPMQEHK6WCFA17CG5BXHR0B,27b29597a6f20592,co.op-add__co.cat-undefined__co.vd-single__MACCITY.tax-extend__MACCITY.tint-linear__MACCITY.map-bilinear,MACCITY,taxmode,extend
01KXPMQEHK6WCFA17CG5BXHR0B,27b29597a6f20592,co.op-add__co.cat-undefined__co.vd-single__MACCITY.tax-extend__MACCITY.tint-linear__MACCITY.map-bilinear,MACCITY,tintalgo,linear
01KXPMQEHK6WCFA17CG5BXHR0B,27b29597a6f20592,co.op-add__co.cat-undefined__co.vd-single__MACCITY.tax-extend__MACCITY.tint-linear__MACCITY.map-bilinear,MACCITY,mapalgo,bilinear
01KXPMQEHK6WCFA17CG5BXHR0B,e00a4dd77191664c,co.op-add__co.cat-undefined__co.vd-single__MACCITY.tax-extend__MACCITY.tint-linear__MACCITY.map-consd,co,operation,add
01KXPMQEHK6WCFA17CG5BXHR0B,e00a4dd77191664c,co.op-add__co.cat-undefined__co.vd-single__MACCITY.tax-extend__MACCITY.tint-linear__MACCITY.map-consd,co,category,undefined
01KXPMQEHK6WCFA17CG5BXHR0B,e00a4dd77191664c,co.op-add__co.cat-undefined__co.vd-single__MACCITY.tax-extend__MACCITY.tint-linear__MACCITY.map-consd,co,vdist_method,single
01KXPMQEHK6WCFA17CG5BXHR0B,e00a4dd77191664c,co.op-add__co.cat-undefined__co.vd-single__MACCITY.tax-extend__MACCITY.tint-linear__MACCITY.map-consd,MACCITY,taxmode,extend
01KXPMQEHK6WCFA17CG5BXHR0B,e00a4dd77191664c,co.op-add__co.cat-undefined__co.vd-single__MACCITY.tax-extend__MACCITY.tint-linear__MACCITY.map-consd,MACCITY,tintalgo,linear
01KXPMQEHK6WCFA17CG5BXHR0B,e00a4dd77191664c,co.op-add__co.cat-undefined__co.vd-single__MACCITY.tax-extend__MACCITY.tint-linear__MACCITY.map-consd,MACCITY,mapalgo,consd
01KXPMQEHK6WCFA17CG5BXHR0B,d16b9dac52412a5c,co.op-add__co.cat-undefined__co.vd-single__MACCITY.tax-extend__MACCITY.tint-linear__MACCITY.map-conss,co,operation,add
01KXPMQEHK6WCFA17CG5BXHR0B,d16b9dac52412a5c,co.op-add__co.cat-undefined__co.vd-single__MACCITY.tax-extend__MACCITY.tint-linear__MACCITY.map-conss,co,category,undefined
01KXPMQEHK6WCFA17CG5BXHR0B,d16b9dac52412a5c,co.op-add__co.cat-undefined__co.vd-single__MACCITY.tax-extend__MACCITY.tint-linear__MACCITY.map-conss,co,vdist_method,single
01KXPMQEHK6WCFA17CG5BXHR0B,d16b9dac52412a5c,co.op-add__co.cat-undefined__co.vd-single__MACCITY.tax-extend__MACCITY.tint-linear__MACCITY.map-conss,MACCITY,taxmode,extend
01KXPMQEHK6WCFA17CG5BXHR0B,d16b9dac52412a5c,co.op-add__co.cat-undefined__co.vd-single__MACCITY.tax-extend__MACCITY.tint-linear__MACCITY.map-conss,MACCITY,tintalgo,linear
01KXPMQEHK6WCFA17CG5BXHR0B,d16b9dac52412a5c,co.op-add__co.cat-undefined__co.vd-single__MACCITY.tax-extend__MACCITY.tint-linear__MACCITY.map-conss,MACCITY,mapalgo,conss
01KXPMQEHK6WCFA17CG5BXHR0B,6c9fdf41e756f6c7,co.op-add__co.cat-undefined__co.vd-single__MACCITY.tax-extend__MACCITY.tint-linear__MACCITY.map-cubic,co,operation,add
01KXPMQEHK6WCFA17CG5BXHR0B,6c9fdf41e756f6c7,co.op-add__co.cat-undefined__co.vd-single__MACCITY.tax-extend__MACCITY.tint-linear__MACCITY.map-cubic,co,category,undefined
01KXPMQEHK6WCFA17CG5BXHR0B,6c9fdf41e756f6c7,co.op-add__co.cat-undefined__co.vd-single__MACCITY.tax-extend__MACCITY.tint-linear__MACCITY.map-cubic,co,vdist_method,single
01KXPMQEHK6WCFA17CG5BXHR0B,6c9fdf41e756f6c7,co.op-add__co.cat-undefined__co.vd-single__MACCITY.tax-extend__MACCITY.tint-linear__MACCITY.map-cubic,MACCITY,taxmode,extend
01KXPMQEHK6WCFA17CG5BXHR0B,6c9fdf41e756f6c7,co.op-add__co.cat-undefined__co.vd-single__MACCITY.tax-extend__MACCITY.tint-linear__MACCITY.map-cubic,MACCITY,tintalgo,linear
01KXPMQEHK6WCFA17CG5BXHR0B,6c9fdf41e756f6c7,co.op-add__co.cat-undefined__co.vd-single__MACCITY.tax-extend__MACCITY.tint-linear__MACCITY.map-cubic,MACCITY,mapalgo,cubic
01KXPMQEHK6WCFA17CG5BXHR0B,68dccc13f5e197d3,co.op-add__co.cat-undefined__co.vd-single__MACCITY.tax-extend__MACCITY.tint-linear__MACCITY.map-nn,co,operation,add
01KXPMQEHK6WCFA17CG5BXHR0B,68dccc13f5e197d3,co.op-add__co.cat-undefined__co.vd-single__MACCITY.tax-extend__MACCITY.tint-linear__MACCITY.map-nn,co,category,undefined
01KXPMQEHK6WCFA17CG5BXHR0B,68dccc13f5e197d3,co.op-add__co.cat-undefined__co.vd-single__MACCITY.tax-extend__MACCITY.tint-linear__MACCITY.map-nn,co,vdist_method,single
01KXPMQEHK6WCFA17CG5BXHR0B,68dccc13f5e197d3,co.op-add__co.cat-undefined__co.vd-single__MACCITY.tax-extend__MACCITY.tint-linear__MACCITY.map-nn,MACCITY,taxmode,extend
01KXPMQEHK6WCFA17CG5BXHR0B,68dccc13f5e197d3,co.op-add__co.cat-undefined__co.vd-single__MACCITY.tax-extend__MACCITY.tint-linear__MACCITY.map-nn,MACCITY,tintalgo,linear
01KXPMQEHK6WCFA17CG5BXHR0B,68dccc13f5e197d3,co.op-add__co.cat-undefined__co.vd-single__MACCITY.tax-extend__MACCITY.tint-linear__MACCITY.map-nn,MACCITY,mapalgo,nn
01KXPMQEHK6WCFA17CG5BXHR0B,40dcb262b3543830,co.op-add__co.cat-undefined__co.vd-single__MACCITY.tax-extend__MACCITY.tint-linear__MACCITY.map-passthrough,co,operation,add
01KXPMQEHK6WCFA17CG5BXHR0B,40dcb262b3543830,co.op-add__co.cat-undefined__co.vd-single__MACCITY.tax-extend__MACCITY.tint-linear__MACCITY.map-passthrough,co,category,undefined
01KXPMQEHK6WCFA17CG5BXHR0B,40dcb262b3543830,co.op-add__co.cat-undefined__co.vd-single__MACCITY.tax-extend__MACCITY.tint-linear__MACCITY.map-passthrough,co,vdist_method,single
01KXPMQEHK6WCFA17CG5BXHR0B,40dcb262b3543830,co.op-add__co.cat-undefined__co.vd-single__MACCITY.tax-extend__MACCITY.tint-linear__MACCITY.map-passthrough,MACCITY,taxmode,extend
01KXPMQEHK6WCFA17CG5BXHR0B,40dcb262b3543830,co.op-add__co.cat-undefined__co.vd-single__MACCITY.tax-extend__MACCITY.tint-linear__MACCITY.map-passthrough,MACCITY,tintalgo,linear
01KXPMQEHK6WCFA17CG5BXHR0B,40dcb262b3543830,co.op-add__co.cat-undefined__co.vd-single__MACCITY.tax-extend__MACCITY.tint-linear__MACCITY.map-passthrough,MACCITY,mapalgo,passthrough
01KXPMQEHK6WCFA17CG5BXHR0B,3e995aa84ddda0db,co.op-add__co.cat-undefined__co.vd-single__MACCITY.tax-extend__MACCITY.tint-nearest__MACCITY.map-bilinear,co,operation,add
01KXPMQEHK6WCFA17CG5BXHR0B,3e995aa84ddda0db,co.op-add__co.cat-undefined__co.vd-single__MACCITY.tax-extend__MACCITY.tint-nearest__MACCITY.map-bilinear,co,category,undefined
01KXPMQEHK6WCFA17CG5BXHR0B,3e995aa84ddda0db,co.op-add__co.cat-undefined__co.vd-single__MACCITY.tax-extend__MACCITY.tint-nearest__MACCITY.map-bilinear,co,vdist_method,single
01KXPMQEHK6WCFA17CG5BXHR0B,3e995aa84ddda0db,co.op-add__co.cat-undefined__co.vd-single__MACCITY.tax-extend__MACCITY.tint-nearest__MACCITY.map-bilinear,MACCITY,taxmode,extend
01KXPMQEHK6WCFA17CG5BXHR0B,3e995aa84ddda0db,co.op-add__co.cat-undefined__co.vd-single__MACCITY.tax-extend__MACCITY.tint-nearest__MACCITY.map-bilinear,MACCITY,tintalgo,nearest
01KXPMQEHK6WCFA17CG5BXHR0B,3e995aa84ddda0db,co.op-add__co.cat-undefined__co.vd-single__MACCITY.tax-extend__MACCITY.tint-nearest__MACCITY.map-bilinear,MACCITY,mapalgo,bilinear
01KXPMQEHK6WCFA17CG5BXHR0B,2b5a89ee7d569f7d,co.op-add__co.cat-undefined__co.vd-single__MACCITY.tax-extend__MACCITY.tint-nearest__MACCITY.map-consd,co,operation,add
01KXPMQEHK6WCFA17CG5BXHR0B,2b5a89ee7d569f7d,co.op-add__co.cat-undefined__co.vd-single__MACCITY.tax-extend__MACCITY.tint-nearest__MACCITY.map-consd,co,category,undefined
01KXPMQEHK6WCFA17CG5BXHR0B,2b5a89ee7d569f7d,co.op-add__co.cat-undefined__co.vd-single__MACCITY.tax-extend__MACCITY.tint-nearest__MACCITY.map-consd,co,vdist_method,single
01KXPMQEHK6WCFA17CG5BXHR0B,2b5a89ee7d569f7d,co.op-add__co.cat-undefined__co.vd-single__MACCITY.tax-extend__MACCITY.tint-nearest__MACCITY.map-consd,MACCITY,taxmode,extend
01KXPMQEHK6WCFA17CG5BXHR0B,2b5a89ee7d569f7d,co.op-add__co.cat-undefined__co.vd-single__MACCITY.tax-extend__MACCITY.tint-nearest__MACCITY.map-consd,MACCITY,tintalgo,nearest
01KXPMQEHK6WCFA17CG5BXHR0B,2b5a89ee7d569f7d,co.op-add__co.cat-undefined__co.vd-single__MACCITY.tax-extend__MACCITY.tint-nearest__MACCITY.map-consd,MACCITY,mapalgo,consd
01KXPMQEHK6WCFA17CG5BXHR0B,bc2e1b92f5c4a2c5,co.op-add__co.cat-undefined__co.vd-single__MACCITY.tax-extend__MACCITY.tint-nearest__MACCITY.map-conss,co,operation,add
01KXPMQEHK6WCFA17CG5BXHR0B,bc2e1b92f5c4a2c5,co.op-add__co.cat-undefined__co.vd-single__MACCITY.tax-extend__MACCITY.tint-nearest__MACCITY.map-conss,co,category,undefined
01KXPMQEHK6WCFA17CG5BXHR0B,bc2e1b92f5c4a2c5,co.op-add__co.cat-undefined__co.vd-single__MACCITY.tax-extend__MACCITY.tint-nearest__MACCITY.map-conss,co,vdist_method,single
01KXPMQEHK6WCFA17CG5BXHR0B,bc2e1b92f5c4a2c5,co.op-add__co.cat-undefined__co.vd-single__MACCITY.tax-extend__MACCITY.tint-nearest__MACCITY.map-conss,MACCITY,taxmode,extend
01KXPMQEHK6WCFA17CG5BXHR0B,bc2e1b92f5c4a2c5,co.op-add__co.cat-undefined__co.vd-single__MACCITY.tax-extend__MACCITY.tint-nearest__MACCITY.map-conss,MACCITY,tintalgo,nearest
01KXPMQEHK6WCFA17CG5BXHR0B,bc2e1b92f5c4a2c5,co.op-add__co.cat-undefined__co.vd-single__MACCITY.tax-extend__MACCITY.tint-nearest__MACCITY.map-conss,MACCITY,mapalgo,conss
01KXPMQEHK6WCFA17CG5BXHR0B,6b6a03f24aef95c6,co.op-add__co.cat-undefined__co.vd-single__MACCITY.tax-extend__MACCITY.tint-nearest__MACCITY.map-cubic,co,operation,add
01KXPMQEHK6WCFA17CG5BXHR0B,6b6a03f24aef95c6,co.op-add__co.cat-undefined__co.vd-single__MACCITY.tax-extend__MACCITY.tint-nearest__MACCITY.map-cubic,co,category,undefined
01KXPMQEHK6WCFA17CG5BXHR0B,6b6a03f24aef95c6,co.op-add__co.cat-undefined__co.vd-single__MACCITY.tax-extend__MACCITY.tint-nearest__MACCITY.map-cubic,co,vdist_method,single
01KXPMQEHK6WCFA17CG5BXHR0B,6b6a03f24aef95c6,co.op-add__co.cat-undefined__co.vd-single__MACCITY.tax-extend__MACCITY.tint-nearest__MACCITY.map-cubic,MACCITY,taxmode,extend
01KXPMQEHK6WCFA17CG5BXHR0B,6b6a03f24aef95c6,co.op-add__co.cat-undefined__co.vd-single__MACCITY.tax-extend__MACCITY.tint-nearest__MACCITY.map-cubic,MACCITY,tintalgo,nearest
01KXPMQEHK6WCFA17CG5BXHR0B,6b6a03f24aef95c6,co.op-add__co.cat-undefined__co.vd-single__MACCITY.tax-extend__MACCITY.tint-nearest__MACCITY.map-cubic,MACCITY,mapalgo,cubic
01KXPMQEHK6WCFA17CG5BXHR0B,510fe70ad02cc077,co.op-add__co.cat-undefined__co.vd-single__MACCITY.tax-extend__MACCITY.tint-nearest__MACCITY.map-nn,co,operation,add
01KXPMQEHK6WCFA17CG5BXHR0B,510fe70ad02cc077,co.op-add__co.cat-undefined__co.vd-single__MACCITY.tax-extend__MACCITY.tint-nearest__MACCITY.map-nn,co,category,undefined
01KXPMQEHK6WCFA17CG5BXHR0B,510fe70ad02cc077,co.op-add__co.cat-undefined__co.vd-single__MACCITY.tax-extend__MACCITY.tint-nearest__MACCITY.map-nn,co,vdist_method,single
01KXPMQEHK6WCFA17CG5BXHR0B,510fe70ad02cc077,co.op-add__co.cat-undefined__co.vd-single__MACCITY.tax-extend__MACCITY.tint-nearest__MACCITY.map-nn,MACCITY,taxmode,extend
01KXPMQEHK6WCFA17CG5BXHR0B,510fe70ad02cc077,co.op-add__co.cat-undefined__co.vd-single__MACCITY.tax-extend__MACCITY.tint-nearest__MACCITY.map-nn,MACCITY,tintalgo,nearest
01KXPMQEHK6WCFA17CG5BXHR0B,510fe70ad02cc077,co.op-add__co.cat-undefined__co.vd-single__MACCITY.tax-extend__MACCITY.tint-nearest__MACCITY.map-nn,MACCITY,mapalgo,nn
01KXPMQEHK6WCFA17CG5BXHR0B,ad4cca5bbfc7c2cc,co.op-add__co.cat-undefined__co.vd-single__MACCITY.tax-extend__MACCITY.tint-nearest__MACCITY.map-passthrough,co,operation,add
01KXPMQEHK6WCFA17CG5BXHR0B,ad4cca5bbfc7c2cc,co.op-add__co.cat-undefined__co.vd-single__MACCITY.tax-extend__MACCITY.tint-nearest__MACCITY.map-passthrough,co,category,undefined
01KXPMQEHK6WCFA17CG5BXHR0B,ad4cca5bbfc7c2cc,co.op-add__co.cat-undefined__co.vd-single__MACCITY.tax-extend__MACCITY.tint-nearest__MACCITY.map-passthrough,co,vdist_method,single
01KXPMQEHK6WCFA17CG5BXHR0B,ad4cca5bbfc7c2cc,co.op-add__co.cat-undefined__co.vd-single__MACCITY.tax-extend__MACCITY.tint-nearest__MACCITY.map-passthrough,MACCITY,taxmode,extend
01KXPMQEHK6WCFA17CG5BXHR0B,ad4cca5bbfc7c2cc,co.op-add__co.cat-undefined__co.vd-single__MACCITY.tax-extend__MACCITY.tint-nearest__MACCITY.map-passthrough,MACCITY,tintalgo,nearest
01KXPMQEHK6WCFA17CG5BXHR0B,ad4cca5bbfc7c2cc,co.op-add__co.cat-undefined__co.vd-single__MACCITY.tax-extend__MACCITY.tint-nearest__MACCITY.map-passthrough,MACCITY,mapalgo,passthrough
01KXPMQEHK6WCFA17CG5BXHR0B,18b6cd4ee9d2d5b4,co.op-replace__co.cat-undefined__co.vd-height__MACCITY.tax-cycle__MACCITY.tint-linear__MACCITY.map-bilinear,co,operation,replace
01KXPMQEHK6WCFA17CG5BXHR0B,18b6cd4ee9d2d5b4,co.op-replace__co.cat-undefined__co.vd-height__MACCITY.tax-cycle__MACCITY.tint-linear__MACCITY.map-bilinear,co,category,undefined
01KXPMQEHK6WCFA17CG5BXHR0B,18b6cd4ee9d2d5b4,co.op-replace__co.cat-undefined__co.vd-height__MACCITY.tax-cycle__MACCITY.tint-linear__MACCITY.map-bilinear,co,vdist_method,height
01KXPMQEHK6WCFA17CG5BXHR0B,18b6cd4ee9d2d5b4,co.op-replace__co.cat-undefined__co.vd-height__MACCITY.tax-cycle__MACCITY.tint-linear__MACCITY.map-bilinear,MACCITY,taxmode,cycle
01KXPMQEHK6WCFA17CG5BXHR0B,18b6cd4ee9d2d5b4,co.op-replace__co.cat-undefined__co.vd-height__MACCITY.tax-cycle__MACCITY.tint-linear__MACCITY.map-bilinear,MACCITY,tintalgo,linear
01KXPMQEHK6WCFA17CG5BXHR0B,18b6cd4ee9d2d5b4,co.op-replace__co.cat-undefined__co.vd-height__MACCITY.tax-cycle__MACCITY.tint-linear__MACCITY.map-bilinear,MACCITY,mapalgo,bilinear
01KXPMQEHK6WCFA17CG5BXHR0B,e2bb26ebc4e39428,co.op-replace__co.cat-undefined__co.vd-height__MACCITY.tax-cycle__MACCITY.tint-linear__MACCITY.map-consd,co,operation,replace
01KXPMQEHK6WCFA17CG5BXHR0B,e2bb26ebc4e39428,co.op-replace__co.cat-undefined__co.vd-height__MACCITY.tax-cycle__MACCITY.tint-linear__MACCITY.map-consd,co,category,undefined
01KXPMQEHK6WCFA17CG5BXHR0B,e2bb26ebc4e39428,co.op-replace__co.cat-undefined__co.vd-height__MACCITY.tax-cycle__MACCITY.tint-linear__MACCITY.map-consd,co,vdist_method,height
01KXPMQEHK6WCFA17CG5BXHR0B,e2bb26ebc4e39428,co.op-replace__co.cat-undefined__co.vd-height__MACCITY.tax-cycle__MACCITY.tint-linear__MACCITY.map-consd,MACCITY,taxmode,cycle
01KXPMQEHK6WCFA17CG5BXHR0B,e2bb26ebc4e39428,co.op-replace__co.cat-undefined__co.vd-height__MACCITY.tax-cycle__MACCITY.tint-linear__MACCITY.map-consd,MACCITY,tintalgo,linear
01KXPMQEHK6WCFA17CG5BXHR0B,e2bb26ebc4e39428,co.op-replace__co.cat-undefined__co.vd-height__MACCITY.tax-cycle__MACCITY.tint-linear__MACCITY.map-consd,MACCITY,mapalgo,consd
01KXPMQEHK6WCFA17CG5BXHR0B,9dd5a795ff8c9ebb,co.op-replace__co.cat-undefined__co.vd-height__MACCITY.tax-cycle__MACCITY.tint-linear__MACCITY.map-conss,co,operation,replace
01KXPMQEHK6WCFA17CG5BXHR0B,9dd5a795ff8c9ebb,co.op-replace__co.cat-undefined__co.vd-height__MACCITY.tax-cycle__MACCITY.tint-linear__MACCITY.map-conss,co,category,undefined
01KXPMQEHK6WCFA17CG5BXHR0B,9dd5a795ff8c9ebb,co.op-replace__co.cat-undefined__co.vd-height__MACCITY.tax-cycle__MACCITY.tint-linear__MACCITY.map-conss,co,vdist_method,height
01KXPMQEHK6WCFA17CG5BXHR0B,9dd5a795ff8c9ebb,co.op-replace__co.cat-undefined__co.vd-height__MACCITY.tax-cycle__MACCITY.tint-linear__MACCITY.map-conss,MACCITY,taxmode,cycle
01KXPMQEHK6WCFA17CG5BXHR0B,9dd5a795ff8c9ebb,co.op-replace__co.cat-undefined__co.vd-height__MACCITY.tax-cycle__MACCITY.tint-linear__MACCITY.map-conss,MACCITY,tintalgo,linear
01KXPMQEHK6WCFA17CG5BXHR0B,9dd5a795ff8c9ebb,co.op-replace__co.cat-undefined__co.vd-height__MACCITY.tax-cycle__MACCITY.tint-linear__MACCITY.map-conss,MACCITY,mapalgo,conss
01KXPMQEHK6WCFA17CG5BXHR0B,697d66f24baa3eb0,co.op-replace__co.cat-undefined__co.vd-height__MACCITY.tax-cycle__MACCITY.tint-linear__MACCITY.map-cubic,co,operation,replace
01KXPMQEHK6WCFA17CG5BXHR0B,697d66f24baa3eb0,co.op-replace__co.cat-undefined__co.vd-height__MACCITY.tax-cycle__MACCITY.tint-linear__MACCITY.map-cubic,co,category,undefined
01KXPMQEHK6WCFA17CG5BXHR0B,697d66f24baa3eb0,co.op-replace__co.cat-undefined__co.vd-height__MACCITY.tax-cycle__MACCITY.tint-linear__MACCITY.map-cubic,co,vdist_method,height
01KXPMQEHK6WCFA17CG5BXHR0B,697d66f24baa3eb0,co.op-replace__co.cat-undefined__co.vd-height__MACCITY.tax-cycle__MACCITY.tint-linear__MACCITY.map-cubic,MACCITY,taxmode,cycle
01KXPMQEHK6WCFA17CG5BXHR0B,697d66f24baa3eb0,co.op-replace__co.cat-undefined__co.vd-height__MACCITY.tax-cycle__MACCITY.tint-linear__MACCITY.map-cubic,MACCITY,tintalgo,linear
01KXPMQEHK6WCFA17CG5BXHR0B,697d66f24baa3eb0,co.op-replace__co.cat-undefined__co.vd-height__MACCITY.tax-cycle__MACCITY.tint-linear__MACCITY.map-cubic,MACCITY,mapalgo,cubic
01KXPMQEHK6WCFA17CG5BXHR0B,136cc66eec4a2fe6,co.op-replace__co.cat-undefined__co.vd-height__MACCITY.tax-cycle__MACCITY.tint-linear__MACCITY.map-nn,co,operation,replace
01KXPMQEHK6WCFA17CG5BXHR0B,136cc66eec4a2fe6,co.op-replace__co.cat-undefined__co.vd-height__MACCITY.tax-cycle__MACCITY.tint-linear__MACCITY.map-nn,co,category,undefined
01KXPMQEHK6WCFA17CG5BXHR0B,136cc66eec4a2fe6,co.op-replace__co.cat-undefined__co.vd-height__MACCITY.tax-cycle__MACCITY.tint-linear__MACCITY.map-nn,co,vdist_method,height
01KXPMQEHK6WCFA17CG5BXHR0B,136cc66eec4a2fe6,co.op-replace__co.cat-undefined__co.vd-height__MACCITY.tax-cycle__MACCITY.tint-linear__MACCITY.map-nn,MACCITY,taxmode,cycle
01KXPMQEHK6WCFA17CG5BXHR0B,136cc66eec4a2fe6,co.op-replace__co.cat-undefined__co.vd-height__MACCITY.tax-cycle__MACCITY.tint-linear__MACCITY.map-nn,MACCITY,tintalgo,linear
01KXPMQEHK6WCFA17CG5BXHR0B,136cc66eec4a2fe6,co.op-replace__co.cat-undefined__co.vd-height__MACCITY.tax-cycle__MACCITY.tint-linear__MACCITY.map-nn,MACCITY,mapalgo,nn
01KXPMQEHK6WCFA17CG5BXHR0B,e81f99dcbaae8f2e,co.op-replace__co.cat-undefined__co.vd-height__MACCITY.tax-cycle__MACCITY.tint-linear__MACCITY.map-passthrough,co,operation,replace
01KXPMQEHK6WCFA17CG5BXHR0B,e81f99dcbaae8f2e,co.op-replace__co.cat-undefined__co.vd-height__MACCITY.tax-cycle__MACCITY.tint-linear__MACCITY.map-passthrough,co,category,undefined
01KXPMQEHK6WCFA17CG5BXHR0B,e81f99dcbaae8f2e,co.op-replace__co.cat-undefined__co.vd-height__MACCITY.tax-cycle__MACCITY.tint-linear__MACCITY.map-passthrough,co,vdist_method,height
01KXPMQEHK6WCFA17CG5BXHR0B,e81f99dcbaae8f2e,co.op-replace__co.cat-undefined__co.vd-height__MACCITY.tax-cycle__MACCITY.tint-linear__MACCITY.map-passthrough,MACCITY,taxmode,cycle
01KXPMQEHK6WCFA17CG5BXHR0B,e81f99dcbaae8f2e,co.op-replace__co.cat-undefined__co.vd-height__MACCITY.tax-cycle__MACCITY.tint-linear__MACCITY.map-passthrough,MACCITY,tintalgo,linear
01KXPMQEHK6WCFA17CG5BXHR0B,e81f99dcbaae8f2e,co.op-replace__co.cat-undefined__co.vd-height__MACCITY.tax-cycle__MACCITY.tint-linear__MACCITY.map-passthrough,MACCITY,mapalgo,passthrough
01KXPMQEHK6WCFA17CG5BXHR0B,525b8d5ae60c8988,co.op-replace__co.cat-undefined__co.vd-height__MACCITY.tax-cycle__MACCITY.tint-nearest__MACCITY.map-bilinear,co,operation,replace
01KXPMQEHK6WCFA17CG5BXHR0B,525b8d5ae60c8988,co.op-replace__co.cat-undefined__co.vd-height__MACCITY.tax-cycle__MACCITY.tint-nearest__MACCITY.map-bilinear,co,category,undefined
01KXPMQEHK6WCFA17CG5BXHR0B,525b8d5ae60c8988,co.op-replace__co.cat-undefined__co.vd-height__MACCITY.tax-cycle__MACCITY.tint-nearest__MACCITY.map-bilinear,co,vdist_method,height
01KXPMQEHK6WCFA17CG5BXHR0B,525b8d5ae60c8988,co.op-replace__co.cat-undefined__co.vd-height__MACCITY.tax-cycle__MACCITY.tint-nearest__MACCITY.map-bilinear,MACCITY,taxmode,cycle
01KXPMQEHK6WCFA17CG5BXHR0B,525b8d5ae60c8988,co.op-replace__co.cat-undefined__co.vd-height__MACCITY.tax-cycle__MACCITY.tint-nearest__MACCITY.map-bilinear,MACCITY,tintalgo,nearest
01KXPMQEHK6WCFA17CG5BXHR0B,525b8d5ae60c8988,co.op-replace__co.cat-undefined__co.vd-height__MACCITY.tax-cycle__MACCITY.tint-nearest__MACCITY.map-bilinear,MACCITY,mapalgo,bilinear
01KXPMQEHK6WCFA17CG5BXHR0B,157869a230bff413,co.op-replace__co.cat-undefined__co.vd-height__MACCITY.tax-cycle__MACCITY.tint-nearest__MACCITY.map-consd,co,operation,replace
01KXPMQEHK6WCFA17CG5BXHR0B,157869a230bff413,co.op-replace__co.cat-undefined__co.vd-height__MACCITY.tax-cycle__MACCITY.tint-nearest__MACCITY.map-consd,co,category,undefined
01KXPMQEHK6WCFA17CG5BXHR0B,157869a230bff413,co.op-replace__co.cat-undefined__co.vd-height__MACCITY.tax-cycle__MACCITY.tint-nearest__MACCITY.map-consd,co,vdist_method,height
01KXPMQEHK6WCFA17CG5BXHR0B,157869a230bff413,co.op-replace__co.cat-undefined__co.vd-height__MACCITY.tax-cycle__MACCITY.tint-nearest__MACCITY.map-consd,MACCITY,taxmode,cycle
01KXPMQEHK6WCFA17CG5BXHR0B,157869a230bff413,co.op-replace__co.cat-undefined__co.vd-height__MACCITY.tax-cycle__MACCITY.tint-nearest__MACCITY.map-consd,MACCITY,tintalgo,nearest
01KXPMQEHK6WCFA17CG5BXHR0B,157869a230bff413,co.op-replace__co.cat-undefined__co.vd-height__MACCITY.tax-cycle__MACCITY.tint-nearest__MACCITY.map-consd,MACCITY,mapalgo,consd
01KXPMQEHK6WCFA17CG5BXHR0B,df70438dfb93c76d,co.op-replace__co.cat-undefined__co.vd-height__MACCITY.tax-cycle__MACCITY.tint-nearest__MACCITY.map-conss,co,operation,replace
01KXPMQEHK6WCFA17CG5BXHR0B,df70438dfb93c76d,co.op-replace__co.cat-undefined__co.vd-height__MACCITY.tax-cycle__MACCITY.tint-nearest__MACCITY.map-conss,co,category,undefined
01KXPMQEHK6WCFA17CG5BXHR0B,df70438dfb93c76d,co.op-replace__co.cat-undefined__co.vd-height__MACCITY.tax-cycle__MACCITY.tint-nearest__MACCITY.map-conss,co,vdist_method,height
01KXPMQEHK6WCFA17CG5BXHR0B,df70438dfb93c76d,co.op-replace__co.cat-undefined__co.vd-height__MACCITY.tax-cycle__MACCITY.tint-nearest__MACCITY.map-conss,MACCITY,taxmode,cycle
01KXPMQEHK6WCFA17CG5BXHR0B,df70438dfb93c76d,co.op-replace__co.cat-undefined__co.vd-height__MACCITY.tax-cycle__MACCITY.tint-nearest__MACCITY.map-conss,MACCITY,tintalgo,nearest
01KXPMQEHK6WCFA17CG5BXHR0B,df70438dfb93c76d,co.op-replace__co.cat-undefined__co.vd-height__MACCITY.tax-cycle__MACCITY.tint-nearest__MACCITY.map-conss,MACCITY,mapalgo,conss
01KXPMQEHK6WCFA17CG5BXHR0B,4b466212a2f7aed0,co.op-replace__co.cat-undefined__co.vd-height__MACCITY.tax-cycle__MACCITY.tint-nearest__MACCITY.map-cubic,co,operation,replace
01KXPMQEHK6WCFA17CG5BXHR0B,4b466212a2f7aed0,co.op-replace__co.cat-undefined__co.vd-height__MACCITY.tax-cycle__MACCITY.tint-nearest__MACCITY.map-cubic,co,category,undefined
01KXPMQEHK6WCFA17CG5BXHR0B,4b466212a2f7aed0,co.op-replace__co.cat-undefined__co.vd-height__MACCITY.tax-cycle__MACCITY.tint-nearest__MACCITY.map-cubic,co,vdist_method,height
01KXPMQEHK6WCFA17CG5BXHR0B,4b466212a2f7aed0,co.op-replace__co.cat-undefined__co.vd-height__MACCITY.tax-cycle__MACCITY.tint-nearest__MACCITY.map-cubic,MACCITY,taxmode,cycle
01KXPMQEHK6WCFA17CG5BXHR0B,4b466212a2f7aed0,co.op-replace__co.cat-undefined__co.vd-height__MACCITY.tax-cycle__MACCITY.tint-nearest__MACCITY.map-cubic,MACCITY,tintalgo,nearest
01KXPMQEHK6WCFA17CG5BXHR0B,4b466212a2f7aed0,co.op-replace__co.cat-undefined__co.vd-height__MACCITY.tax-cycle__MACCITY.tint-nearest__MACCITY.map-cubic,MACCITY,mapalgo,cubic
01KXPMQEHK6WCFA17CG5BXHR0B,cf10b4966f4ca77c,co.op-replace__co.cat-undefined__co.vd-height__MACCITY.tax-cycle__MACCITY.tint-nearest__MACCITY.map-nn,co,operation,replace
01KXPMQEHK6WCFA17CG5BXHR0B,cf10b4966f4ca77c,co.op-replace__co.cat-undefined__co.vd-height__MACCITY.tax-cycle__MACCITY.tint-nearest__MACCITY.map-nn,co,category,undefined
01KXPMQEHK6WCFA17CG5BXHR0B,cf10b4966f4ca77c,co.op-replace__co.cat-undefined__co.vd-height__MACCITY.tax-cycle__MACCITY.tint-nearest__MACCITY.map-nn,co,vdist_method,height
01KXPMQEHK6WCFA17CG5BXHR0B,cf10b4966f4ca77c,co.op-replace__co.cat-undefined__co.vd-height__MACCITY.tax-cycle__MACCITY.tint-nearest__MACCITY.map-nn,MACCITY,taxmode,cycle
01KXPMQEHK6WCFA17CG5BXHR0B,cf10b4966f4ca77c,co.op-replace__co.cat-undefined__co.vd-height__MACCITY.tax-cycle__MACCITY.tint-nearest__MACCITY.map-nn,MACCITY,tintalgo,nearest
01KXPMQEHK6WCFA17CG5BXHR0B,cf10b4966f4ca77c,co.op-replace__co.cat-undefined__co.vd-height__MACCITY.tax-cycle__MACCITY.tint-nearest__MACCITY.map-nn,MACCITY,mapalgo,nn
01KXPMQEHK6WCFA17CG5BXHR0B,542e868a38edcab0,co.op-replace__co.cat-undefined__co.vd-height__MACCITY.tax-cycle__MACCITY.tint-nearest__MACCITY.map-passthrough,co,operation,replace
01KXPMQEHK6WCFA17CG5BXHR0B,542e868a38edcab0,co.op-replace__co.cat-undefined__co.vd-height__MACCITY.tax-cycle__MACCITY.tint-nearest__MACCITY.map-passthrough,co,category,undefined
01KXPMQEHK6WCFA17CG5BXHR0B,542e868a38edcab0,co.op-replace__co.cat-undefined__co.vd-height__MACCITY.tax-cycle__MACCITY.tint-nearest__MACCITY.map-passthrough,co,vdist_method,height
01KXPMQEHK6WCFA17CG5BXHR0B,542e868a38edcab0,co.op-replace__co.cat-undefined__co.vd-height__MACCITY.tax-cycle__MACCITY.tint-nearest__MACCITY.map-passthrough,MACCITY,taxmode,cycle
01KXPMQEHK6WCFA17CG5BXHR0B,542e868a38edcab0,co.op-replace__co.cat-undefined__co.vd-height__MACCITY.tax-cycle__MACCITY.tint-nearest__MACCITY.map-passthrough,MACCITY,tintalgo,nearest
01KXPMQEHK6WCFA17CG5BXHR0B,542e868a38edcab0,co.op-replace__co.cat-undefined__co.vd-height__MACCITY.tax-cycle__MACCITY.tint-nearest__MACCITY.map-passthrough,MACCITY,mapalgo,passthrough
01KXPMQEHK6WCFA17CG5BXHR0B,f21a1c71644cfd25,co.op-replace__co.cat-undefined__co.vd-height__MACCITY.tax-extend__MACCITY.tint-linear__MACCITY.map-bilinear,co,operation,replace
01KXPMQEHK6WCFA17CG5BXHR0B,f21a1c71644cfd25,co.op-replace__co.cat-undefined__co.vd-height__MACCITY.tax-extend__MACCITY.tint-linear__MACCITY.map-bilinear,co,category,undefined
01KXPMQEHK6WCFA17CG5BXHR0B,f21a1c71644cfd25,co.op-replace__co.cat-undefined__co.vd-height__MACCITY.tax-extend__MACCITY.tint-linear__MACCITY.map-bilinear,co,vdist_method,height
01KXPMQEHK6WCFA17CG5BXHR0B,f21a1c71644cfd25,co.op-replace__co.cat-undefined__co.vd-height__MACCITY.tax-extend__MACCITY.tint-linear__MACCITY.map-bilinear,MACCITY,taxmode,extend
01KXPMQEHK6WCFA17CG5BXHR0B,f21a1c71644cfd25,co.op-replace__co.cat-undefined__co.vd-height__MACCITY.tax-extend__MACCITY.tint-linear__MACCITY.map-bilinear,MACCITY,tintalgo,linear
01KXPMQEHK6WCFA17CG5BXHR0B,f21a1c71644cfd25,co.op-replace__co.cat-undefined__co.vd-height__MACCITY.tax-extend__MACCITY.tint-linear__MACCITY.map-bilinear,MACCITY,mapalgo,bilinear
01KXPMQEHK6WCFA17CG5BXHR0B,bf0f2478bc0f19de,co.op-replace__co.cat-undefined__co.vd-height__MACCITY.tax-extend__MACCITY.tint-linear__MACCITY.map-consd,co,operation,replace
01KXPMQEHK6WCFA17CG5BXHR0B,bf0f2478bc0f19de,co.op-replace__co.cat-undefined__co.vd-height__MACCITY.tax-extend__MACCITY.tint-linear__MACCITY.map-consd,co,category,undefined
01KXPMQEHK6WCFA17CG5BXHR0B,bf0f2478bc0f19de,co.op-replace__co.cat-undefined__co.vd-height__MACCITY.tax-extend__MACCITY.tint-linear__MACCITY.map-consd,co,vdist_method,height
01KXPMQEHK6WCFA17CG5BXHR0B,bf0f2478bc0f19de,co.op-replace__co.cat-undefined__co.vd-height__MACCITY.tax-extend__MACCITY.tint-linear__MACCITY.map-consd,MACCITY,taxmode,extend
01KXPMQEHK6WCFA17CG5BXHR0B,bf0f2478bc0f19de,co.op-replace__co.cat-undefined__co.vd-height__MACCITY.tax-extend__MACCITY.tint-linear__MACCITY.map-consd,MACCITY,tintalgo,linear
01KXPMQEHK6WCFA17CG5BXHR0B,bf0f2478bc0f19de,co.op-replace__co.cat-undefined__co.vd-height__MACCITY.tax-extend__MACCITY.tint-linear__MACCITY.map-consd,MACCITY,mapalgo,consd
01KXPMQEHK6WCFA17CG5BXHR0B,b3625db8092af01f,co.op-replace__co.cat-undefined__co.vd-height__MACCITY.tax-extend__MACCITY.tint-linear__MACCITY.map-conss,co,operation,replace
01KXPMQEHK6WCFA17CG5BXHR0B,b3625db8092af01f,co.op-replace__co.cat-undefined__co.vd-height__MACCITY.tax-extend__MACCITY.tint-linear__MACCITY.map-conss,co,category,undefined
01KXPMQEHK6WCFA17CG5BXHR0B,b3625db8092af01f,co.op-replace__co.cat-undefined__co.vd-height__MACCITY.tax-extend__MACCITY.tint-linear__MACCITY.map-conss,co,vdist_method,height
01KXPMQEHK6WCFA17CG5BXHR0B,b3625db8092af01f,co.op-replace__co.cat-undefined__co.vd-height__MACCITY.tax-extend__MACCITY.tint-linear__MACCITY.map-conss,MACCITY,taxmode,extend
01KXPMQEHK6WCFA17CG5BXHR0B,b3625db8092af01f,co.op-replace__co.cat-undefined__co.vd-height__MACCITY.tax-extend__MACCITY.tint-linear__MACCITY.map-conss,MACCITY,tintalgo,linear
01KXPMQEHK6WCFA17CG5BXHR0B,b3625db8092af01f,co.op-replace__co.cat-undefined__co.vd-height__MACCITY.tax-extend__MACCITY.tint-linear__MACCITY.map-conss,MACCITY,mapalgo,conss
01KXPMQEHK6WCFA17CG5BXHR0B,0a32bdaacd79cd14,co.op-replace__co.cat-undefined__co.vd-height__MACCITY.tax-extend__MACCITY.tint-linear__MACCITY.map-cubic,co,operation,replace
01KXPMQEHK6WCFA17CG5BXHR0B,0a32bdaacd79cd14,co.op-replace__co.cat-undefined__co.vd-height__MACCITY.tax-extend__MACCITY.tint-linear__MACCITY.map-cubic,co,category,undefined
01KXPMQEHK6WCFA17CG5BXHR0B,0a32bdaacd79cd14,co.op-replace__co.cat-undefined__co.vd-height__MACCITY.tax-extend__MACCITY.tint-linear__MACCITY.map-cubic,co,vdist_method,height
01KXPMQEHK6WCFA17CG5BXHR0B,0a32bdaacd79cd14,co.op-replace__co.cat-undefined__co.vd-height__MACCITY.tax-extend__MACCITY.tint-linear__MACCITY.map-cubic,MACCITY,taxmode,extend
01KXPMQEHK6WCFA17CG5BXHR0B,0a32bdaacd79cd14,co.op-replace__co.cat-undefined__co.vd-height__MACCITY.tax-extend__MACCITY.tint-linear__MACCITY.map-cubic,MACCITY,tintalgo,linear
01KXPMQEHK6WCFA17CG5BXHR0B,0a32bdaacd79cd14,co.op-replace__co.cat-undefined__co.vd-height__MACCITY.tax-extend__MACCITY.tint-linear__MACCITY.map-cubic,MACCITY,mapalgo,cubic
01KXPMQEHK6WCFA17CG5BXHR0B,fc708af6ad6e1e08,co.op-replace__co.cat-undefined__co.vd-height__MACCITY.tax-extend__MACCITY.tint-linear__MACCITY.map-nn,co,operation,replace
01KXPMQEHK6WCFA17CG5BXHR0B,fc708af6ad6e1e08,co.op-replace__co.cat-undefined__co.vd-height__MACCITY.tax-extend__MACCITY.tint-linear__MACCITY.map-nn,co,category,undefined
01KXPMQEHK6WCFA17CG5BXHR0B,fc708af6ad6e1e08,co.op-replace__co.cat-undefined__co.vd-height__MACCITY.tax-extend__MACCITY.tint-linear__MACCITY.map-nn,co,vdist_method,height
01KXPMQEHK6WCFA17CG5BXHR0B,fc708af6ad6e1e08,co.op-replace__co.cat-undefined__co.vd-height__MACCITY.tax-extend__MACCITY.tint-linear__MACCITY.map-nn,MACCITY,taxmode,extend
01KXPMQEHK6WCFA17CG5BXHR0B,fc708af6ad6e1e08,co.op-replace__co.cat-undefined__co.vd-height__MACCITY.tax-extend__MACCITY.tint-linear__MACCITY.map-nn,MACCITY,tintalgo,linear
01KXPMQEHK6WCFA17CG5BXHR0B,fc708af6ad6e1e08,co.op-replace__co.cat-undefined__co.vd-height__MACCITY.tax-extend__MACCITY.tint-linear__MACCITY.map-nn,MACCITY,mapalgo,nn
01KXPMQEHK6WCFA17CG5BXHR0B,ec25d80db518c375,co.op-replace__co.cat-undefined__co.vd-height__MACCITY.tax-extend__MACCITY.tint-linear__MACCITY.map-passthrough,co,operation,replace
01KXPMQEHK6WCFA17CG5BXHR0B,ec25d80db518c375,co.op-replace__co.cat-undefined__co.vd-height__MACCITY.tax-extend__MACCITY.tint-linear__MACCITY.map-passthrough,co,category,undefined
01KXPMQEHK6WCFA17CG5BXHR0B,ec25d80db518c375,co.op-replace__co.cat-undefined__co.vd-height__MACCITY.tax-extend__MACCITY.tint-linear__MACCITY.map-passthrough,co,vdist_method,height
01KXPMQEHK6WCFA17CG5BXHR0B,ec25d80db518c375,co.op-replace__co.cat-undefined__co.vd-height__MACCITY.tax-extend__MACCITY.tint-linear__MACCITY.map-passthrough,MACCITY,taxmode,extend
01KXPMQEHK6WCFA17CG5BXHR0B,ec25d80db518c375,co.op-replace__co.cat-undefined__co.vd-height__MACCITY.tax-extend__MACCITY.tint-linear__MACCITY.map-passthrough,MACCITY,tintalgo,linear
01KXPMQEHK6WCFA17CG5BXHR0B,ec25d80db518c375,co.op-replace__co.cat-undefined__co.vd-height__MACCITY.tax-extend__MACCITY.tint-linear__MACCITY.map-passthrough,MACCITY,mapalgo,passthrough
01KXPMQEHK6WCFA17CG5BXHR0B,8056d5dbc94f9219,co.op-replace__co.cat-undefined__co.vd-height__MACCITY.tax-extend__MACCITY.tint-nearest__MACCITY.map-bilinear,co,operation,replace
01KXPMQEHK6WCFA17CG5BXHR0B,8056d5dbc94f9219,co.op-replace__co.cat-undefined__co.vd-height__MACCITY.tax-extend__MACCITY.tint-nearest__MACCITY.map-bilinear,co,category,undefined
01KXPMQEHK6WCFA17CG5BXHR0B,8056d5dbc94f9219,co.op-replace__co.cat-undefined__co.vd-height__MACCITY.tax-extend__MACCITY.tint-nearest__MACCITY.map-bilinear,co,vdist_method,height
01KXPMQEHK6WCFA17CG5BXHR0B,8056d5dbc94f9219,co.op-replace__co.cat-undefined__co.vd-height__MACCITY.tax-extend__MACCITY.tint-nearest__MACCITY.map-bilinear,MACCITY,taxmode,extend
01KXPMQEHK6WCFA17CG5BXHR0B,8056d5dbc94f9219,co.op-replace__co.cat-undefined__co.vd-height__MACCITY.tax-extend__MACCITY.tint-nearest__MACCITY.map-bilinear,MACCITY,tintalgo,nearest
01KXPMQEHK6WCFA17CG5BXHR0B,8056d5dbc94f9219,co.op-replace__co.cat-undefined__co.vd-height__MACCITY.tax-extend__MACCITY.tint-nearest__MACCITY.map-bilinear,MACCITY,mapalgo,bilinear
01KXPMQEHK6WCFA17CG5BXHR0B,16771d137670417d,co.op-replace__co.cat-undefined__co.vd-height__MACCITY.tax-extend__MACCITY.tint-nearest__MACCITY.map-consd,co,operation,replace
01KXPMQEHK6WCFA17CG5BXHR0B,16771d137670417d,co.op-replace__co.cat-undefined__co.vd-height__MACCITY.tax-extend__MACCITY.tint-nearest__MACCITY.map-consd,co,category,undefined
01KXPMQEHK6WCFA17CG5BXHR0B,16771d137670417d,co.op-replace__co.cat-undefined__co.vd-height__MACCITY.tax-extend__MACCITY.tint-nearest__MACCITY.map-consd,co,vdist_method,height
01KXPMQEHK6WCFA17CG5BXHR0B,16771d137670417d,co.op-replace__co.cat-undefined__co.vd-height__MACCITY.tax-extend__MACCITY.tint-nearest__MACCITY.map-consd,MACCITY,taxmode,extend
01KXPMQEHK6WCFA17CG5BXHR0B,16771d137670417d,co.op-replace__co.cat-undefined__co.vd-height__MACCITY.tax-extend__MACCITY.tint-nearest__MACCITY.map-consd,MACCITY,tintalgo,nearest
01KXPMQEHK6WCFA17CG5BXHR0B,16771d137670417d,co.op-replace__co.cat-undefined__co.vd-height__MACCITY.tax-extend__MACCITY.tint-nearest__MACCITY.map-consd,MACCITY,mapalgo,consd
01KXPMQEHK6WCFA17CG5BXHR0B,137a114e1f90a42a,co.op-replace__co.cat-undefined__co.vd-height__MACCITY.tax-extend__MACCITY.tint-nearest__MACCITY.map-conss,co,operation,replace
01KXPMQEHK6WCFA17CG5BXHR0B,137a114e1f90a42a,co.op-replace__co.cat-undefined__co.vd-height__MACCITY.tax-extend__MACCITY.tint-nearest__MACCITY.map-conss,co,category,undefined
01KXPMQEHK6WCFA17CG5BXHR0B,137a114e1f90a42a,co.op-replace__co.cat-undefined__co.vd-height__MACCITY.tax-extend__MACCITY.tint-nearest__MACCITY.map-conss,co,vdist_method,height
01KXPMQEHK6WCFA17CG5BXHR0B,137a114e1f90a42a,co.op-replace__co.cat-undefined__co.vd-height__MACCITY.tax-extend__MACCITY.tint-nearest__MACCITY.map-conss,MACCITY,taxmode,extend
01KXPMQEHK6WCFA17CG5BXHR0B,137a114e1f90a42a,co.op-replace__co.cat-undefined__co.vd-height__MACCITY.tax-extend__MACCITY.tint-nearest__MACCITY.map-conss,MACCITY,tintalgo,nearest
01KXPMQEHK6WCFA17CG5BXHR0B,137a114e1f90a42a,co.op-replace__co.cat-undefined__co.vd-height__MACCITY.tax-extend__MACCITY.tint-nearest__MACCITY.map-conss,MACCITY,mapalgo,conss
01KXPMQEHK6WCFA17CG5BXHR0B,fb66dcd01059e619,co.op-replace__co.cat-undefined__co.vd-height__MACCITY.tax-extend__MACCITY.tint-nearest__MACCITY.map-cubic,co,operation,replace
01KXPMQEHK6WCFA17CG5BXHR0B,fb66dcd01059e619,co.op-replace__co.cat-undefined__co.vd-height__MACCITY.tax-extend__MACCITY.tint-nearest__MACCITY.map-cubic,co,category,undefined
01KXPMQEHK6WCFA17CG5BXHR0B,fb66dcd01059e619,co.op-replace__co.cat-undefined__co.vd-height__MACCITY.tax-extend__MACCITY.tint-nearest__MACCITY.map-cubic,co,vdist_method,height
01KXPMQEHK6WCFA17CG5BXHR0B,fb66dcd01059e619,co.op-replace__co.cat-undefined__co.vd-height__MACCITY.tax-extend__MACCITY.tint-nearest__MACCITY.map-cubic,MACCITY,taxmode,extend
01KXPMQEHK6WCFA17CG5BXHR0B,fb66dcd01059e619,co.op-replace__co.cat-undefined__co.vd-height__MACCITY.tax-extend__MACCITY.tint-nearest__MACCITY.map-cubic,MACCITY,tintalgo,nearest
01KXPMQEHK6WCFA17CG5BXHR0B,fb66dcd01059e619,co.op-replace__co.cat-undefined__co.vd-height__MACCITY.tax-extend__MACCITY.tint-nearest__MACCITY.map-cubic,MACCITY,mapalgo,cubic
01KXPMQEHK6WCFA17CG5BXHR0B,699d56e091712967,co.op-replace__co.cat-undefined__co.vd-height__MACCITY.tax-extend__MACCITY.tint-nearest__MACCITY.map-nn,co,operation,replace
01KXPMQEHK6WCFA17CG5BXHR0B,699d56e091712967,co.op-replace__co.cat-undefined__co.vd-height__MACCITY.tax-extend__MACCITY.tint-nearest__MACCITY.map-nn,co,category,undefined
01KXPMQEHK6WCFA17CG5BXHR0B,699d56e091712967,co.op-replace__co.cat-undefined__co.vd-height__MACCITY.tax-extend__MACCITY.tint-nearest__MACCITY.map-nn,co,vdist_method,height
01KXPMQEHK6WCFA17CG5BXHR0B,699d56e091712967,co.op-replace__co.cat-undefined__co.vd-height__MACCITY.tax-extend__MACCITY.tint-nearest__MACCITY.map-nn,MACCITY,taxmode,extend
01KXPMQEHK6WCFA17CG5BXHR0B,699d56e091712967,co.op-replace__co.cat-undefined__co.vd-height__MACCITY.tax-extend__MACCITY.tint-nearest__MACCITY.map-nn,MACCITY,tintalgo,nearest
01KXPMQEHK6WCFA17CG5BXHR0B,699d56e091712967,co.op-replace__co.cat-undefined__co.vd-height__MACCITY.tax-extend__MACCITY.tint-nearest__MACCITY.map-nn,MACCITY,mapalgo,nn
01KXPMQEHK6WCFA17CG5BXHR0B,33299866f650536a,co.op-replace__co.cat-undefined__co.vd-height__MACCITY.tax-extend__MACCITY.tint-nearest__MACCITY.map-passthrough,co,operation,replace
01KXPMQEHK6WCFA17CG5BXHR0B,33299866f650536a,co.op-replace__co.cat-undefined__co.vd-height__MACCITY.tax-extend__MACCITY.tint-nearest__MACCITY.map-passthrough,co,category,undefined
01KXPMQEHK6WCFA17CG5BXHR0B,33299866f650536a,co.op-replace__co.cat-undefined__co.vd-height__MACCITY.tax-extend__MACCITY.tint-nearest__MACCITY.map-passthrough,co,vdist_method,height
01KXPMQEHK6WCFA17CG5BXHR0B,33299866f650536a,co.op-replace__co.cat-undefined__co.vd-height__MACCITY.tax-extend__MACCITY.tint-nearest__MACCITY.map-passthrough,MACCITY,taxmode,extend
01KXPMQEHK6WCFA17CG5BXHR0B,33299866f650536a,co.op-replace__co.cat-undefined__co.vd-height__MACCITY.tax-extend__MACCITY.tint-nearest__MACCITY.map-passthrough,MACCITY,tintalgo,nearest
01KXPMQEHK6WCFA17CG5BXHR0B,33299866f650536a,co.op-replace__co.cat-undefined__co.vd-height__MACCITY.tax-extend__MACCITY.tint-nearest__MACCITY.map-passthrough,MACCITY,mapalgo,passthrough
01KXPMQEHK6WCFA17CG5BXHR0B,b47e1d732c11d007,co.op-replace__co.cat-undefined__co.vd-pbl__MACCITY.tax-cycle__MACCITY.tint-linear__MACCITY.map-bilinear,co,operation,replace
01KXPMQEHK6WCFA17CG5BXHR0B,b47e1d732c11d007,co.op-replace__co.cat-undefined__co.vd-pbl__MACCITY.tax-cycle__MACCITY.tint-linear__MACCITY.map-bilinear,co,category,undefined
01KXPMQEHK6WCFA17CG5BXHR0B,b47e1d732c11d007,co.op-replace__co.cat-undefined__co.vd-pbl__MACCITY.tax-cycle__MACCITY.tint-linear__MACCITY.map-bilinear,co,vdist_method,pbl
01KXPMQEHK6WCFA17CG5BXHR0B,b47e1d732c11d007,co.op-replace__co.cat-undefined__co.vd-pbl__MACCITY.tax-cycle__MACCITY.tint-linear__MACCITY.map-bilinear,MACCITY,taxmode,cycle
01KXPMQEHK6WCFA17CG5BXHR0B,b47e1d732c11d007,co.op-replace__co.cat-undefined__co.vd-pbl__MACCITY.tax-cycle__MACCITY.tint-linear__MACCITY.map-bilinear,MACCITY,tintalgo,linear
01KXPMQEHK6WCFA17CG5BXHR0B,b47e1d732c11d007,co.op-replace__co.cat-undefined__co.vd-pbl__MACCITY.tax-cycle__MACCITY.tint-linear__MACCITY.map-bilinear,MACCITY,mapalgo,bilinear
01KXPMQEHK6WCFA17CG5BXHR0B,61a9e62d8d9571c1,co.op-replace__co.cat-undefined__co.vd-pbl__MACCITY.tax-cycle__MACCITY.tint-linear__MACCITY.map-consd,co,operation,replace
01KXPMQEHK6WCFA17CG5BXHR0B,61a9e62d8d9571c1,co.op-replace__co.cat-undefined__co.vd-pbl__MACCITY.tax-cycle__MACCITY.tint-linear__MACCITY.map-consd,co,category,undefined
01KXPMQEHK6WCFA17CG5BXHR0B,61a9e62d8d9571c1,co.op-replace__co.cat-undefined__co.vd-pbl__MACCITY.tax-cycle__MACCITY.tint-linear__MACCITY.map-consd,co,vdist_method,pbl
01KXPMQEHK6WCFA17CG5BXHR0B,61a9e62d8d9571c1,co.op-replace__co.cat-undefined__co.vd-pbl__MACCITY.tax-cycle__MACCITY.tint-linear__MACCITY.map-consd,MACCITY,taxmode,cycle
01KXPMQEHK6WCFA17CG5BXHR0B,61a9e62d8d9571c1,co.op-replace__co.cat-undefined__co.vd-pbl__MACCITY.tax-cycle__MACCITY.tint-linear__MACCITY.map-consd,MACCITY,tintalgo,linear
01KXPMQEHK6WCFA17CG5BXHR0B,61a9e62d8d9571c1,co.op-replace__co.cat-undefined__co.vd-pbl__MACCITY.tax-cycle__MACCITY.tint-linear__MACCITY.map-consd,MACCITY,mapalgo,consd
01KXPMQEHK6WCFA17CG5BXHR0B,d239050de2b69e3d,co.op-replace__co.cat-undefined__co.vd-pbl__MACCITY.tax-cycle__MACCITY.tint-linear__MACCITY.map-conss,co,operation,replace
01KXPMQEHK6WCFA17CG5BXHR0B,d239050de2b69e3d,co.op-replace__co.cat-undefined__co.vd-pbl__MACCITY.tax-cycle__MACCITY.tint-linear__MACCITY.map-conss,co,category,undefined
01KXPMQEHK6WCFA17CG5BXHR0B,d239050de2b69e3d,co.op-replace__co.cat-undefined__co.vd-pbl__MACCITY.tax-cycle__MACCITY.tint-linear__MACCITY.map-conss,co,vdist_method,pbl
01KXPMQEHK6WCFA17CG5BXHR0B,d239050de2b69e3d,co.op-replace__co.cat-undefined__co.vd-pbl__MACCITY.tax-cycle__MACCITY.tint-linear__MACCITY.map-conss,MACCITY,taxmode,cycle
01KXPMQEHK6WCFA17CG5BXHR0B,d239050de2b69e3d,co.op-replace__co.cat-undefined__co.vd-pbl__MACCITY.tax-cycle__MACCITY.tint-linear__MACCITY.map-conss,MACCITY,tintalgo,linear
01KXPMQEHK6WCFA17CG5BXHR0B,d239050de2b69e3d,co.op-replace__co.cat-undefined__co.vd-pbl__MACCITY.tax-cycle__MACCITY.tint-linear__MACCITY.map-conss,MACCITY,mapalgo,conss
01KXPMQEHK6WCFA17CG5BXHR0B,c13a9030610e8676,co.op-replace__co.cat-undefined__co.vd-pbl__MACCITY.tax-cycle__MACCITY.tint-linear__MACCITY.map-cubic,co,operation,replace
01KXPMQEHK6WCFA17CG5BXHR0B,c13a9030610e8676,co.op-replace__co.cat-undefined__co.vd-pbl__MACCITY.tax-cycle__MACCITY.tint-linear__MACCITY.map-cubic,co,category,undefined
01KXPMQEHK6WCFA17CG5BXHR0B,c13a9030610e8676,co.op-replace__co.cat-undefined__co.vd-pbl__MACCITY.tax-cycle__MACCITY.tint-linear__MACCITY.map-cubic,co,vdist_method,pbl
01KXPMQEHK6WCFA17CG5BXHR0B,c13a9030610e8676,co.op-replace__co.cat-undefined__co.vd-pbl__MACCITY.tax-cycle__MACCITY.tint-linear__MACCITY.map-cubic,MACCITY,taxmode,cycle
01KXPMQEHK6WCFA17CG5BXHR0B,c13a9030610e8676,co.op-replace__co.cat-undefined__co.vd-pbl__MACCITY.tax-cycle__MACCITY.tint-linear__MACCITY.map-cubic,MACCITY,tintalgo,linear
01KXPMQEHK6WCFA17CG5BXHR0B,c13a9030610e8676,co.op-replace__co.cat-undefined__co.vd-pbl__MACCITY.tax-cycle__MACCITY.tint-linear__MACCITY.map-cubic,MACCITY,mapalgo,cubic
01KXPMQEHK6WCFA17CG5BXHR0B,9a3d8a8dfddaea8a,co.op-replace__co.cat-undefined__co.vd-pbl__MACCITY.tax-cycle__MACCITY.tint-linear__MACCITY.map-nn,co,operation,replace
01KXPMQEHK6WCFA17CG5BXHR0B,9a3d8a8dfddaea8a,co.op-replace__co.cat-undefined__co.vd-pbl__MACCITY.tax-cycle__MACCITY.tint-linear__MACCITY.map-nn,co,category,undefined
01KXPMQEHK6WCFA17CG5BXHR0B,9a3d8a8dfddaea8a,co.op-replace__co.cat-undefined__co.vd-pbl__MACCITY.tax-cycle__MACCITY.tint-linear__MACCITY.map-nn,co,vdist_method,pbl
01KXPMQEHK6WCFA17CG5BXHR0B,9a3d8a8dfddaea8a,co.op-replace__co.cat-undefined__co.vd-pbl__MACCITY.tax-cycle__MACCITY.tint-linear__MACCITY.map-nn,MACCITY,taxmode,cycle
01KXPMQEHK6WCFA17CG5BXHR0B,9a3d8a8dfddaea8a,co.op-replace__co.cat-undefined__co.vd-pbl__MACCITY.tax-cycle__MACCITY.tint-linear__MACCITY.map-nn,MACCITY,tintalgo,linear
01KXPMQEHK6WCFA17CG5BXHR0B,9a3d8a8dfddaea8a,co.op-replace__co.cat-undefined__co.vd-pbl__MACCITY.tax-cycle__MACCITY.tint-linear__MACCITY.map-nn,MACCITY,mapalgo,nn
01KXPMQEHK6WCFA17CG5BXHR0B,28251256b9b43e4d,co.op-replace__co.cat-undefined__co.vd-pbl__MACCITY.tax-cycle__MACCITY.tint-linear__MACCITY.map-passthrough,co,operation,replace
01KXPMQEHK6WCFA17CG5BXHR0B,28251256b9b43e4d,co.op-replace__co.cat-undefined__co.vd-pbl__MACCITY.tax-cycle__MACCITY.tint-linear__MACCITY.map-passthrough,co,category,undefined
01KXPMQEHK6WCFA17CG5BXHR0B,28251256b9b43e4d,co.op-replace__co.cat-undefined__co.vd-pbl__MACCITY.tax-cycle__MACCITY.tint-linear__MACCITY.map-passthrough,co,vdist_method,pbl
01KXPMQEHK6WCFA17CG5BXHR0B,28251256b9b43e4d,co.op-replace__co.cat-undefined__co.vd-pbl__MACCITY.tax-cycle__MACCITY.tint-linear__MACCITY.map-passthrough,MACCITY,taxmode,cycle
01KXPMQEHK6WCFA17CG5BXHR0B,28251256b9b43e4d,co.op-replace__co.cat-undefined__co.vd-pbl__MACCITY.tax-cycle__MACCITY.tint-linear__MACCITY.map-passthrough,MACCITY,tintalgo,linear
01KXPMQEHK6WCFA17CG5BXHR0B,28251256b9b43e4d,co.op-replace__co.cat-undefined__co.vd-pbl__MACCITY.tax-cycle__MACCITY.tint-linear__MACCITY.map-passthrough,MACCITY,mapalgo,passthrough
01KXPMQEHK6WCFA17CG5BXHR0B,30ce762da638b6d5,co.op-replace__co.cat-undefined__co.vd-pbl__MACCITY.tax-cycle__MACCITY.tint-nearest__MACCITY.map-bilinear,co,operation,replace
01KXPMQEHK6WCFA17CG5BXHR0B,30ce762da638b6d5,co.op-replace__co.cat-undefined__co.vd-pbl__MACCITY.tax-cycle__MACCITY.tint-nearest__MACCITY.map-bilinear,co,category,undefined
01KXPMQEHK6WCFA17CG5BXHR0B,30ce762da638b6d5,co.op-replace__co.cat-undefined__co.vd-pbl__MACCITY.tax-cycle__MACCITY.tint-nearest__MACCITY.map-bilinear,co,vdist_method,pbl
01KXPMQEHK6WCFA17CG5BXHR0B,30ce762da638b6d5,co.op-replace__co.cat-undefined__co.vd-pbl__MACCITY.tax-cycle__MACCITY.tint-nearest__MACCITY.map-bilinear,MACCITY,taxmode,cycle
01KXPMQEHK6WCFA17CG5BXHR0B,30ce762da638b6d5,co.op-replace__co.cat-undefined__co.vd-pbl__MACCITY.tax-cycle__MACCITY.tint-nearest__MACCITY.map-bilinear,MACCITY,tintalgo,nearest
01KXPMQEHK6WCFA17CG5BXHR0B,30ce762da638b6d5,co.op-replace__co.cat-undefined__co.vd-pbl__MACCITY.tax-cycle__MACCITY.tint-nearest__MACCITY.map-bilinear,MACCITY,mapalgo,bilinear
01KXPMQEHK6WCFA17CG5BXHR0B,fc75c130937ecebc,co.op-replace__co.cat-undefined__co.vd-pbl__MACCITY.tax-cycle__MACCITY.tint-nearest__MACCITY.map-consd,co,operation,replace
01KXPMQEHK6WCFA17CG5BXHR0B,fc75c130937ecebc,co.op-replace__co.cat-undefined__co.vd-pbl__MACCITY.tax-cycle__MACCITY.tint-nearest__MACCITY.map-consd,co,category,undefined
01KXPMQEHK6WCFA17CG5BXHR0B,fc75c130937ecebc,co.op-replace__co.cat-undefined__co.vd-pbl__MACCITY.tax-cycle__MACCITY.tint-nearest__MACCITY.map-consd,co,vdist_method,pbl
01KXPMQEHK6WCFA17CG5BXHR0B,fc75c130937ecebc,co.op-replace__co.cat-undefined__co.vd-pbl__MACCITY.tax-cycle__MACCITY.tint-nearest__MACCITY.map-consd,MACCITY,taxmode,cycle
01KXPMQEHK6WCFA17CG5BXHR0B,fc75c130937ecebc,co.op-replace__co.cat-undefined__co.vd-pbl__MACCITY.tax-cycle__MACCITY.tint-nearest__MACCITY.map-consd,MACCITY,tintalgo,nearest
01KXPMQEHK6WCFA17CG5BXHR0B,fc75c130937ecebc,co.op-replace__co.cat-undefined__co.vd-pbl__MACCITY.tax-cycle__MACCITY.tint-nearest__MACCITY.map-consd,MACCITY,mapalgo,consd
01KXPMQEHK6WCFA17CG5BXHR0B,072535ce3b39d714,co.op-replace__co.cat-undefined__co.vd-pbl__MACCITY.tax-cycle__MACCITY.tint-nearest__MACCITY.map-conss,co,operation,replace
01KXPMQEHK6WCFA17CG5BXHR0B,072535ce3b39d714,co.op-replace__co.cat-undefined__co.vd-pbl__MACCITY.tax-cycle__MACCITY.tint-nearest__MACCITY.map-conss,co,category,undefined
01KXPMQEHK6WCFA17CG5BXHR0B,072535ce3b39d714,co.op-replace__co.cat-undefined__co.vd-pbl__MACCITY.tax-cycle__MACCITY.tint-nearest__MACCITY.map-conss,co,vdist_method,pbl
01KXPMQEHK6WCFA17CG5BXHR0B,072535ce3b39d714,co.op-replace__co.cat-undefined__co.vd-pbl__MACCITY.tax-cycle__MACCITY.tint-nearest__MACCITY.map-conss,MACCITY,taxmode,cycle
01KXPMQEHK6WCFA17CG5BXHR0B,072535ce3b39d714,co.op-replace__co.cat-undefined__co.vd-pbl__MACCITY.tax-cycle__MACCITY.tint-nearest__MACCITY.map-conss,MACCITY,tintalgo,nearest
01KXPMQEHK6WCFA17CG5BXHR0B,072535ce3b39d714,co.op-replace__co.cat-undefined__co.vd-pbl__MACCITY.tax-cycle__MACCITY.tint-nearest__MACCITY.map-conss,MACCITY,mapalgo,conss
01KXPMQEHK6WCFA17CG5BXHR0B,023cda5f40c8b7ee,co.op-replace__co.cat-undefined__co.vd-pbl__MACCITY.tax-cycle__MACCITY.tint-nearest__MACCITY.map-cubic,co,operation,replace
01KXPMQEHK6WCFA17CG5BXHR0B,023cda5f40c8b7ee,co.op-replace__co.cat-undefined__co.vd-pbl__MACCITY.tax-cycle__MACCITY.tint-nearest__MACCITY.map-cubic,co,category,undefined
01KXPMQEHK6WCFA17CG5BXHR0B,023cda5f40c8b7ee,co.op-replace__co.cat-undefined__co.vd-pbl__MACCITY.tax-cycle__MACCITY.tint-nearest__MACCITY.map-cubic,co,vdist_method,pbl
01KXPMQEHK6WCFA17CG5BXHR0B,023cda5f40c8b7ee,co.op-replace__co.cat-undefined__co.vd-pbl__MACCITY.tax-cycle__MACCITY.tint-nearest__MACCITY.map-cubic,MACCITY,taxmode,cycle
01KXPMQEHK6WCFA17CG5BXHR0B,023cda5f40c8b7ee,co.op-replace__co.cat-undefined__co.vd-pbl__MACCITY.tax-cycle__MACCITY.tint-nearest__MACCITY.map-cubic,MACCITY,tintalgo,nearest
01KXPMQEHK6WCFA17CG5BXHR0B,023cda5f40c8b7ee,co.op-replace__co.cat-undefined__co.vd-pbl__MACCITY.tax-cycle__MACCITY.tint-nearest__MACCITY.map-cubic,MACCITY,mapalgo,cubic
01KXPMQEHK6WCFA17CG5BXHR0B,f8dce3695fe1ef1b,co.op-replace__co.cat-undefined__co.vd-pbl__MACCITY.tax-cycle__MACCITY.tint-nearest__MACCITY.map-nn,co,operation,replace
01KXPMQEHK6WCFA17CG5BXHR0B,f8dce3695fe1ef1b,co.op-replace__co.cat-undefined__co.vd-pbl__MACCITY.tax-cycle__MACCITY.tint-nearest__MACCITY.map-nn,co,category,undefined
01KXPMQEHK6WCFA17CG5BXHR0B,f8dce3695fe1ef1b,co.op-replace__co.cat-undefined__co.vd-pbl__MACCITY.tax-cycle__MACCITY.tint-nearest__MACCITY.map-nn,co,vdist_method,pbl
01KXPMQEHK6WCFA17CG5BXHR0B,f8dce3695fe1ef1b,co.op-replace__co.cat-undefined__co.vd-pbl__MACCITY.tax-cycle__MACCITY.tint-nearest__MACCITY.map-nn,MACCITY,taxmode,cycle
01KXPMQEHK6WCFA17CG5BXHR0B,f8dce3695fe1ef1b,co.op-replace__co.cat-undefined__co.vd-pbl__MACCITY.tax-cycle__MACCITY.tint-nearest__MACCITY.map-nn,MACCITY,tintalgo,nearest
01KXPMQEHK6WCFA17CG5BXHR0B,f8dce3695fe1ef1b,co.op-replace__co.cat-undefined__co.vd-pbl__MACCITY.tax-cycle__MACCITY.tint-nearest__MACCITY.map-nn,MACCITY,mapalgo,nn
01KXPMQEHK6WCFA17CG5BXHR0B,b89f3648952f2564,co.op-replace__co.cat-undefined__co.vd-pbl__MACCITY.tax-cycle__MACCITY.tint-nearest__MACCITY.map-passthrough,co,operation,replace
01KXPMQEHK6WCFA17CG5BXHR0B,b89f3648952f2564,co.op-replace__co.cat-undefined__co.vd-pbl__MACCITY.tax-cycle__MACCITY.tint-nearest__MACCITY.map-passthrough,co,category,undefined
01KXPMQEHK6WCFA17CG5BXHR0B,b89f3648952f2564,co.op-replace__co.cat-undefined__co.vd-pbl__MACCITY.tax-cycle__MACCITY.tint-nearest__MACCITY.map-passthrough,co,vdist_method,pbl
01KXPMQEHK6WCFA17CG5BXHR0B,b89f3648952f2564,co.op-replace__co.cat-undefined__co.vd-pbl__MACCITY.tax-cycle__MACCITY.tint-nearest__MACCITY.map-passthrough,MACCITY,taxmode,cycle
01KXPMQEHK6WCFA17CG5BXHR0B,b89f3648952f2564,co.op-replace__co.cat-undefined__co.vd-pbl__MACCITY.tax-cycle__MACCITY.tint-nearest__MACCITY.map-passthrough,MACCITY,tintalgo,nearest
01KXPMQEHK6WCFA17CG5BXHR0B,b89f3648952f2564,co.op-replace__co.cat-undefined__co.vd-pbl__MACCITY.tax-cycle__MACCITY.tint-nearest__MACCITY.map-passthrough,MACCITY,mapalgo,passthrough
01KXPMQEHK6WCFA17CG5BXHR0B,ac9297132300c5d0,co.op-replace__co.cat-undefined__co.vd-pbl__MACCITY.tax-extend__MACCITY.tint-linear__MACCITY.map-bilinear,co,operation,replace
01KXPMQEHK6WCFA17CG5BXHR0B,ac9297132300c5d0,co.op-replace__co.cat-undefined__co.vd-pbl__MACCITY.tax-extend__MACCITY.tint-linear__MACCITY.map-bilinear,co,category,undefined
01KXPMQEHK6WCFA17CG5BXHR0B,ac9297132300c5d0,co.op-replace__co.cat-undefined__co.vd-pbl__MACCITY.tax-extend__MACCITY.tint-linear__MACCITY.map-bilinear,co,vdist_method,pbl
01KXPMQEHK6WCFA17CG5BXHR0B,ac9297132300c5d0,co.op-replace__co.cat-undefined__co.vd-pbl__MACCITY.tax-extend__MACCITY.tint-linear__MACCITY.map-bilinear,MACCITY,taxmode,extend
01KXPMQEHK6WCFA17CG5BXHR0B,ac9297132300c5d0,co.op-replace__co.cat-undefined__co.vd-pbl__MACCITY.tax-extend__MACCITY.tint-linear__MACCITY.map-bilinear,MACCITY,tintalgo,linear
01KXPMQEHK6WCFA17CG5BXHR0B,ac9297132300c5d0,co.op-replace__co.cat-undefined__co.vd-pbl__MACCITY.tax-extend__MACCITY.tint-linear__MACCITY.map-bilinear,MACCITY,mapalgo,bilinear
01KXPMQEHK6WCFA17CG5BXHR0B,b8d3ae285b1353f8,co.op-replace__co.cat-undefined__co.vd-pbl__MACCITY.tax-extend__MACCITY.tint-linear__MACCITY.map-consd,co,operation,replace
01KXPMQEHK6WCFA17CG5BXHR0B,b8d3ae285b1353f8,co.op-replace__co.cat-undefined__co.vd-pbl__MACCITY.tax-extend__MACCITY.tint-linear__MACCITY.map-consd,co,category,undefined
01KXPMQEHK6WCFA17CG5BXHR0B,b8d3ae285b1353f8,co.op-replace__co.cat-undefined__co.vd-pbl__MACCITY.tax-extend__MACCITY.tint-linear__MACCITY.map-consd,co,vdist_method,pbl
01KXPMQEHK6WCFA17CG5BXHR0B,b8d3ae285b1353f8,co.op-replace__co.cat-undefined__co.vd-pbl__MACCITY.tax-extend__MACCITY.tint-linear__MACCITY.map-consd,MACCITY,taxmode,extend
01KXPMQEHK6WCFA17CG5BXHR0B,b8d3ae285b1353f8,co.op-replace__co.cat-undefined__co.vd-pbl__MACCITY.tax-extend__MACCITY.tint-linear__MACCITY.map-consd,MACCITY,tintalgo,linear
01KXPMQEHK6WCFA17CG5BXHR0B,b8d3ae285b1353f8,co.op-replace__co.cat-undefined__co.vd-pbl__MACCITY.tax-extend__MACCITY.tint-linear__MACCITY.map-consd,MACCITY,mapalgo,consd
01KXPMQEHK6WCFA17CG5BXHR0B,2a10eb762b605a31,co.op-replace__co.cat-undefined__co.vd-pbl__MACCITY.tax-extend__MACCITY.tint-linear__MACCITY.map-conss,co,operation,replace
01KXPMQEHK6WCFA17CG5BXHR0B,2a10eb762b605a31,co.op-replace__co.cat-undefined__co.vd-pbl__MACCITY.tax-extend__MACCITY.tint-linear__MACCITY.map-conss,co,category,undefined
01KXPMQEHK6WCFA17CG5BXHR0B,2a10eb762b605a31,co.op-replace__co.cat-undefined__co.vd-pbl__MACCITY.tax-extend__MACCITY.tint-linear__MACCITY.map-conss,co,vdist_method,pbl
01KXPMQEHK6WCFA17CG5BXHR0B,2a10eb762b605a31,co.op-replace__co.cat-undefined__co.vd-pbl__MACCITY.tax-extend__MACCITY.tint-linear__MACCITY.map-conss,MACCITY,taxmode,extend
01KXPMQEHK6WCFA17CG5BXHR0B,2a10eb762b605a31,co.op-replace__co.cat-undefined__co.vd-pbl__MACCITY.tax-extend__MACCITY.tint-linear__MACCITY.map-conss,MACCITY,tintalgo,linear
01KXPMQEHK6WCFA17CG5BXHR0B,2a10eb762b605a31,co.op-replace__co.cat-undefined__co.vd-pbl__MACCITY.tax-extend__MACCITY.tint-linear__MACCITY.map-conss,MACCITY,mapalgo,conss
01KXPMQEHK6WCFA17CG5BXHR0B,5ced2f0950f26c36,co.op-replace__co.cat-undefined__co.vd-pbl__MACCITY.tax-extend__MACCITY.tint-linear__MACCITY.map-cubic,co,operation,replace
01KXPMQEHK6WCFA17CG5BXHR0B,5ced2f0950f26c36,co.op-replace__co.cat-undefined__co.vd-pbl__MACCITY.tax-extend__MACCITY.tint-linear__MACCITY.map-cubic,co,category,undefined
01KXPMQEHK6WCFA17CG5BXHR0B,5ced2f0950f26c36,co.op-replace__co.cat-undefined__co.vd-pbl__MACCITY.tax-extend__MACCITY.tint-linear__MACCITY.map-cubic,co,vdist_method,pbl
01KXPMQEHK6WCFA17CG5BXHR0B,5ced2f0950f26c36,co.op-replace__co.cat-undefined__co.vd-pbl__MACCITY.tax-extend__MACCITY.tint-linear__MACCITY.map-cubic,MACCITY,taxmode,extend
01KXPMQEHK6WCFA17CG5BXHR0B,5ced2f0950f26c36,co.op-replace__co.cat-undefined__co.vd-pbl__MACCITY.tax-extend__MACCITY.tint-linear__MACCITY.map-cubic,MACCITY,tintalgo,linear
01KXPMQEHK6WCFA17CG5BXHR0B,5ced2f0950f26c36,co.op-replace__co.cat-undefined__co.vd-pbl__MACCITY.tax-extend__MACCITY.tint-linear__MACCITY.map-cubic,MACCITY,mapalgo,cubic
01KXPMQEHK6WCFA17CG5BXHR0B,a4e0120568485a4f,co.op-replace__co.cat-undefined__co.vd-pbl__MACCITY.tax-extend__MACCITY.tint-linear__MACCITY.map-nn,co,operation,replace
01KXPMQEHK6WCFA17CG5BXHR0B,a4e0120568485a4f,co.op-replace__co.cat-undefined__co.vd-pbl__MACCITY.tax-extend__MACCITY.tint-linear__MACCITY.map-nn,co,category,undefined
01KXPMQEHK6WCFA17CG5BXHR0B,a4e0120568485a4f,co.op-replace__co.cat-undefined__co.vd-pbl__MACCITY.tax-extend__MACCITY.tint-linear__MACCITY.map-nn,co,vdist_method,pbl
01KXPMQEHK6WCFA17CG5BXHR0B,a4e0120568485a4f,co.op-replace__co.cat-undefined__co.vd-pbl__MACCITY.tax-extend__MACCITY.tint-linear__MACCITY.map-nn,MACCITY,taxmode,extend
01KXPMQEHK6WCFA17CG5BXHR0B,a4e0120568485a4f,co.op-replace__co.cat-undefined__co.vd-pbl__MACCITY.tax-extend__MACCITY.tint-linear__MACCITY.map-nn,MACCITY,tintalgo,linear
01KXPMQEHK6WCFA17CG5BXHR0B,a4e0120568485a4f,co.op-replace__co.cat-undefined__co.vd-pbl__MACCITY.tax-extend__MACCITY.tint-linear__MACCITY.map-nn,MACCITY,mapalgo,nn
01KXPMQEHK6WCFA17CG5BXHR0B,c2fd8529217c833e,co.op-replace__co.cat-undefined__co.vd-pbl__MACCITY.tax-extend__MACCITY.tint-linear__MACCITY.map-passthrough,co,operation,replace
01KXPMQEHK6WCFA17CG5BXHR0B,c2fd8529217c833e,co.op-replace__co.cat-undefined__co.vd-pbl__MACCITY.tax-extend__MACCITY.tint-linear__MACCITY.map-passthrough,co,category,undefined
01KXPMQEHK6WCFA17CG5BXHR0B,c2fd8529217c833e,co.op-replace__co.cat-undefined__co.vd-pbl__MACCITY.tax-extend__MACCITY.tint-linear__MACCITY.map-passthrough,co,vdist_method,pbl
01KXPMQEHK6WCFA17CG5BXHR0B,c2fd8529217c833e,co.op-replace__co.cat-undefined__co.vd-pbl__MACCITY.tax-extend__MACCITY.tint-linear__MACCITY.map-passthrough,MACCITY,taxmode,extend
01KXPMQEHK6WCFA17CG5BXHR0B,c2fd8529217c833e,co.op-replace__co.cat-undefined__co.vd-pbl__MACCITY.tax-extend__MACCITY.tint-linear__MACCITY.map-passthrough,MACCITY,tintalgo,linear
01KXPMQEHK6WCFA17CG5BXHR0B,c2fd8529217c833e,co.op-replace__co.cat-undefined__co.vd-pbl__MACCITY.tax-extend__MACCITY.tint-linear__MACCITY.map-passthrough,MACCITY,mapalgo,passthrough
01KXPMQEHK6WCFA17CG5BXHR0B,5ac4efc68930ef07,co.op-replace__co.cat-undefined__co.vd-pbl__MACCITY.tax-extend__MACCITY.tint-nearest__MACCITY.map-bilinear,co,operation,replace
01KXPMQEHK6WCFA17CG5BXHR0B,5ac4efc68930ef07,co.op-replace__co.cat-undefined__co.vd-pbl__MACCITY.tax-extend__MACCITY.tint-nearest__MACCITY.map-bilinear,co,category,undefined
01KXPMQEHK6WCFA17CG5BXHR0B,5ac4efc68930ef07,co.op-replace__co.cat-undefined__co.vd-pbl__MACCITY.tax-extend__MACCITY.tint-nearest__MACCITY.map-bilinear,co,vdist_method,pbl
01KXPMQEHK6WCFA17CG5BXHR0B,5ac4efc68930ef07,co.op-replace__co.cat-undefined__co.vd-pbl__MACCITY.tax-extend__MACCITY.tint-nearest__MACCITY.map-bilinear,MACCITY,taxmode,extend
01KXPMQEHK6WCFA17CG5BXHR0B,5ac4efc68930ef07,co.op-replace__co.cat-undefined__co.vd-pbl__MACCITY.tax-extend__MACCITY.tint-nearest__MACCITY.map-bilinear,MACCITY,tintalgo,nearest
01KXPMQEHK6WCFA17CG5BXHR0B,5ac4efc68930ef07,co.op-replace__co.cat-undefined__co.vd-pbl__MACCITY.tax-extend__MACCITY.tint-nearest__MACCITY.map-bilinear,MACCITY,mapalgo,bilinear
01KXPMQEHK6WCFA17CG5BXHR0B,a1d3a54f48b4c33f,co.op-replace__co.cat-undefined__co.vd-pbl__MACCITY.tax-extend__MACCITY.tint-nearest__MACCITY.map-consd,co,operation,replace
01KXPMQEHK6WCFA17CG5BXHR0B,a1d3a54f48b4c33f,co.op-replace__co.cat-undefined__co.vd-pbl__MACCITY.tax-extend__MACCITY.tint-nearest__MACCITY.map-consd,co,category,undefined
01KXPMQEHK6WCFA17CG5BXHR0B,a1d3a54f48b4c33f,co.op-replace__co.cat-undefined__co.vd-pbl__MACCITY.tax-extend__MACCITY.tint-nearest__MACCITY.map-consd,co,vdist_method,pbl
01KXPMQEHK6WCFA17CG5BXHR0B,a1d3a54f48b4c33f,co.op-replace__co.cat-undefined__co.vd-pbl__MACCITY.tax-extend__MACCITY.tint-nearest__MACCITY.map-consd,MACCITY,taxmode,extend
01KXPMQEHK6WCFA17CG5BXHR0B,a1d3a54f48b4c33f,co.op-replace__co.cat-undefined__co.vd-pbl__MACCITY.tax-extend__MACCITY.tint-nearest__MACCITY.map-consd,MACCITY,tintalgo,nearest
01KXPMQEHK6WCFA17CG5BXHR0B,a1d3a54f48b4c33f,co.op-replace__co.cat-undefined__co.vd-pbl__MACCITY.tax-extend__MACCITY.tint-nearest__MACCITY.map-consd,MACCITY,mapalgo,consd
01KXPMQEHK6WCFA17CG5BXHR0B,9c02f04e08fe42a4,co.op-replace__co.cat-undefined__co.vd-pbl__MACCITY.tax-extend__MACCITY.tint-nearest__MACCITY.map-conss,co,operation,replace
01KXPMQEHK6WCFA17CG5BXHR0B,9c02f04e08fe42a4,co.op-replace__co.cat-undefined__co.vd-pbl__MACCITY.tax-extend__MACCITY.tint-nearest__MACCITY.map-conss,co,category,undefined
01KXPMQEHK6WCFA17CG5BXHR0B,9c02f04e08fe42a4,co.op-replace__co.cat-undefined__co.vd-pbl__MACCITY.tax-extend__MACCITY.tint-nearest__MACCITY.map-conss,co,vdist_method,pbl
01KXPMQEHK6WCFA17CG5BXHR0B,9c02f04e08fe42a4,co.op-replace__co.cat-undefined__co.vd-pbl__MACCITY.tax-extend__MACCITY.tint-nearest__MACCITY.map-conss,MACCITY,taxmode,extend
01KXPMQEHK6WCFA17CG5BXHR0B,9c02f04e08fe42a4,co.op-replace__co.cat-undefined__co.vd-pbl__MACCITY.tax-extend__MACCITY.tint-nearest__MACCITY.map-conss,MACCITY,tintalgo,nearest
01KXPMQEHK6WCFA17CG5BXHR0B,9c02f04e08fe42a4,co.op-replace__co.cat-undefined__co.vd-pbl__MACCITY.tax-extend__MACCITY.tint-nearest__MACCITY.map-conss,MACCITY,mapalgo,conss
01KXPMQEHK6WCFA17CG5BXHR0B,f3a48958a9ef63b5,co.op-replace__co.cat-undefined__co.vd-pbl__MACCITY.tax-extend__MACCITY.tint-nearest__MACCITY.map-cubic,co,operation,replace
01KXPMQEHK6WCFA17CG5BXHR0B,f3a48958a9ef63b5,co.op-replace__co.cat-undefined__co.vd-pbl__MACCITY.tax-extend__MACCITY.tint-nearest__MACCITY.map-cubic,co,category,undefined
01KXPMQEHK6WCFA17CG5BXHR0B,f3a48958a9ef63b5,co.op-replace__co.cat-undefined__co.vd-pbl__MACCITY.tax-extend__MACCITY.tint-nearest__MACCITY.map-cubic,co,vdist_method,pbl
01KXPMQEHK6WCFA17CG5BXHR0B,f3a48958a9ef63b5,co.op-replace__co.cat-undefined__co.vd-pbl__MACCITY.tax-extend__MACCITY.tint-nearest__MACCITY.map-cubic,MACCITY,taxmode,extend
01KXPMQEHK6WCFA17CG5BXHR0B,f3a48958a9ef63b5,co.op-replace__co.cat-undefined__co.vd-pbl__MACCITY.tax-extend__MACCITY.tint-nearest__MACCITY.map-cubic,MACCITY,tintalgo,nearest
01KXPMQEHK6WCFA17CG5BXHR0B,f3a48958a9ef63b5,co.op-replace__co.cat-undefined__co.vd-pbl__MACCITY.tax-extend__MACCITY.tint-nearest__MACCITY.map-cubic,MACCITY,mapalgo,cubic
01KXPMQEHK6WCFA17CG5BXHR0B,3daad8f49c2d9f01,co.op-replace__co.cat-undefined__co.vd-pbl__MACCITY.tax-extend__MACCITY.tint-nearest__MACCITY.map-nn,co,operation,replace
01KXPMQEHK6WCFA17CG5BXHR0B,3daad8f49c2d9f01,co.op-replace__co.cat-undefined__co.vd-pbl__MACCITY.tax-extend__MACCITY.tint-nearest__MACCITY.map-nn,co,category,undefined
01KXPMQEHK6WCFA17CG5BXHR0B,3daad8f49c2d9f01,co.op-replace__co.cat-undefined__co.vd-pbl__MACCITY.tax-extend__MACCITY.tint-nearest__MACCITY.map-nn,co,vdist_method,pbl
01KXPMQEHK6WCFA17CG5BXHR0B,3daad8f49c2d9f01,co.op-replace__co.cat-undefined__co.vd-pbl__MACCITY.tax-extend__MACCITY.tint-nearest__MACCITY.map-nn,MACCITY,taxmode,extend
01KXPMQEHK6WCFA17CG5BXHR0B,3daad8f49c2d9f01,co.op-replace__co.cat-undefined__co.vd-pbl__MACCITY.tax-extend__MACCITY.tint-nearest__MACCITY.map-nn,MACCITY,tintalgo,nearest
01KXPMQEHK6WCFA17CG5BXHR0B,3daad8f49c2d9f01,co.op-replace__co.cat-undefined__co.vd-pbl__MACCITY.tax-extend__MACCITY.tint-nearest__MACCITY.map-nn,MACCITY,mapalgo,nn
01KXPMQEHK6WCFA17CG5BXHR0B,4ec55018ff5914c6,co.op-replace__co.cat-undefined__co.vd-pbl__MACCITY.tax-extend__MACCITY.tint-nearest__MACCITY.map-passthrough,co,operation,replace
01KXPMQEHK6WCFA17CG5BXHR0B,4ec55018ff5914c6,co.op-replace__co.cat-undefined__co.vd-pbl__MACCITY.tax-extend__MACCITY.tint-nearest__MACCITY.map-passthrough,co,category,undefined
01KXPMQEHK6WCFA17CG5BXHR0B,4ec55018ff5914c6,co.op-replace__co.cat-undefined__co.vd-pbl__MACCITY.tax-extend__MACCITY.tint-nearest__MACCITY.map-passthrough,co,vdist_method,pbl
01KXPMQEHK6WCFA17CG5BXHR0B,4ec55018ff5914c6,co.op-replace__co.cat-undefined__co.vd-pbl__MACCITY.tax-extend__MACCITY.tint-nearest__MACCITY.map-passthrough,MACCITY,taxmode,extend
01KXPMQEHK6WCFA17CG5BXHR0B,4ec55018ff5914c6,co.op-replace__co.cat-undefined__co.vd-pbl__MACCITY.tax-extend__MACCITY.tint-nearest__MACCITY.map-passthrough,MACCITY,tintalgo,nearest
01KXPMQEHK6WCFA17CG5BXHR0B,4ec55018ff5914c6,co.op-replace__co.cat-undefined__co.vd-pbl__MACCITY.tax-extend__MACCITY.tint-nearest__MACCITY.map-passthrough,MACCITY,mapalgo,passthrough
01KXPMQEHK6WCFA17CG5BXHR0B,9875ad76c4f8af97,co.op-replace__co.cat-undefined__co.vd-pressure__MACCITY.tax-cycle__MACCITY.tint-linear__MACCITY.map-bilinear,co,operation,replace
01KXPMQEHK6WCFA17CG5BXHR0B,9875ad76c4f8af97,co.op-replace__co.cat-undefined__co.vd-pressure__MACCITY.tax-cycle__MACCITY.tint-linear__MACCITY.map-bilinear,co,category,undefined
01KXPMQEHK6WCFA17CG5BXHR0B,9875ad76c4f8af97,co.op-replace__co.cat-undefined__co.vd-pressure__MACCITY.tax-cycle__MACCITY.tint-linear__MACCITY.map-bilinear,co,vdist_method,pressure
01KXPMQEHK6WCFA17CG5BXHR0B,9875ad76c4f8af97,co.op-replace__co.cat-undefined__co.vd-pressure__MACCITY.tax-cycle__MACCITY.tint-linear__MACCITY.map-bilinear,MACCITY,taxmode,cycle
01KXPMQEHK6WCFA17CG5BXHR0B,9875ad76c4f8af97,co.op-replace__co.cat-undefined__co.vd-pressure__MACCITY.tax-cycle__MACCITY.tint-linear__MACCITY.map-bilinear,MACCITY,tintalgo,linear
01KXPMQEHK6WCFA17CG5BXHR0B,9875ad76c4f8af97,co.op-replace__co.cat-undefined__co.vd-pressure__MACCITY.tax-cycle__MACCITY.tint-linear__MACCITY.map-bilinear,MACCITY,mapalgo,bilinear
01KXPMQEHK6WCFA17CG5BXHR0B,ee9d373d58ba9f4d,co.op-replace__co.cat-undefined__co.vd-pressure__MACCITY.tax-cycle__MACCITY.tint-linear__MACCITY.map-consd,co,operation,replace
01KXPMQEHK6WCFA17CG5BXHR0B,ee9d373d58ba9f4d,co.op-replace__co.cat-undefined__co.vd-pressure__MACCITY.tax-cycle__MACCITY.tint-linear__MACCITY.map-consd,co,category,undefined
01KXPMQEHK6WCFA17CG5BXHR0B,ee9d373d58ba9f4d,co.op-replace__co.cat-undefined__co.vd-pressure__MACCITY.tax-cycle__MACCITY.tint-linear__MACCITY.map-consd,co,vdist_method,pressure
01KXPMQEHK6WCFA17CG5BXHR0B,ee9d373d58ba9f4d,co.op-replace__co.cat-undefined__co.vd-pressure__MACCITY.tax-cycle__MACCITY.tint-linear__MACCITY.map-consd,MACCITY,taxmode,cycle
01KXPMQEHK6WCFA17CG5BXHR0B,ee9d373d58ba9f4d,co.op-replace__co.cat-undefined__co.vd-pressure__MACCITY.tax-cycle__MACCITY.tint-linear__MACCITY.map-consd,MACCITY,tintalgo,linear
01KXPMQEHK6WCFA17CG5BXHR0B,ee9d373d58ba9f4d,co.op-replace__co.cat-undefined__co.vd-pressure__MACCITY.tax-cycle__MACCITY.tint-linear__MACCITY.map-consd,MACCITY,mapalgo,consd
01KXPMQEHK6WCFA17CG5BXHR0B,957c423f25b51937,co.op-replace__co.cat-undefined__co.vd-pressure__MACCITY.tax-cycle__MACCITY.tint-linear__MACCITY.map-conss,co,operation,replace
01KXPMQEHK6WCFA17CG5BXHR0B,957c423f25b51937,co.op-replace__co.cat-undefined__co.vd-pressure__MACCITY.tax-cycle__MACCITY.tint-linear__MACCITY.map-conss,co,category,undefined
01KXPMQEHK6WCFA17CG5BXHR0B,957c423f25b51937,co.op-replace__co.cat-undefined__co.vd-pressure__MACCITY.tax-cycle__MACCITY.tint-linear__MACCITY.map-conss,co,vdist_method,pressure
01KXPMQEHK6WCFA17CG5BXHR0B,957c423f25b51937,co.op-replace__co.cat-undefined__co.vd-pressure__MACCITY.tax-cycle__MACCITY.tint-linear__MACCITY.map-conss,MACCITY,taxmode,cycle
01KXPMQEHK6WCFA17CG5BXHR0B,957c423f25b51937,co.op-replace__co.cat-undefined__co.vd-pressure__MACCITY.tax-cycle__MACCITY.tint-linear__MACCITY.map-conss,MACCITY,tintalgo,linear
01KXPMQEHK6WCFA17CG5BXHR0B,957c423f25b51937,co.op-replace__co.cat-undefined__co.vd-pressure__MACCITY.tax-cycle__MACCITY.tint-linear__MACCITY.map-conss,MACCITY,mapalgo,conss
01KXPMQEHK6WCFA17CG5BXHR0B,b0ea0111e9fe28b2,co.op-replace__co.cat-undefined__co.vd-pressure__MACCITY.tax-cycle__MACCITY.tint-linear__MACCITY.map-cubic,co,operation,replace
01KXPMQEHK6WCFA17CG5BXHR0B,b0ea0111e9fe28b2,co.op-replace__co.cat-undefined__co.vd-pressure__MACCITY.tax-cycle__MACCITY.tint-linear__MACCITY.map-cubic,co,category,undefined
01KXPMQEHK6WCFA17CG5BXHR0B,b0ea0111e9fe28b2,co.op-replace__co.cat-undefined__co.vd-pressure__MACCITY.tax-cycle__MACCITY.tint-linear__MACCITY.map-cubic,co,vdist_method,pressure
01KXPMQEHK6WCFA17CG5BXHR0B,b0ea0111e9fe28b2,co.op-replace__co.cat-undefined__co.vd-pressure__MACCITY.tax-cycle__MACCITY.tint-linear__MACCITY.map-cubic,MACCITY,taxmode,cycle
01KXPMQEHK6WCFA17CG5BXHR0B,b0ea0111e9fe28b2,co.op-replace__co.cat-undefined__co.vd-pressure__MACCITY.tax-cycle__MACCITY.tint-linear__MACCITY.map-cubic,MACCITY,tintalgo,linear
01KXPMQEHK6WCFA17CG5BXHR0B,b0ea0111e9fe28b2,co.op-replace__co.cat-undefined__co.vd-pressure__MACCITY.tax-cycle__MACCITY.tint-linear__MACCITY.map-cubic,MACCITY,mapalgo,cubic
01KXPMQEHK6WCFA17CG5BXHR0B,bd4f0ba6b298ca08,co.op-replace__co.cat-undefined__co.vd-pressure__MACCITY.tax-cycle__MACCITY.tint-linear__MACCITY.map-nn,co,operation,replace
01KXPMQEHK6WCFA17CG5BXHR0B,bd4f0ba6b298ca08,co.op-replace__co.cat-undefined__co.vd-pressure__MACCITY.tax-cycle__MACCITY.tint-linear__MACCITY.map-nn,co,category,undefined
01KXPMQEHK6WCFA17CG5BXHR0B,bd4f0ba6b298ca08,co.op-replace__co.cat-undefined__co.vd-pressure__MACCITY.tax-cycle__MACCITY.tint-linear__MACCITY.map-nn,co,vdist_method,pressure
01KXPMQEHK6WCFA17CG5BXHR0B,bd4f0ba6b298ca08,co.op-replace__co.cat-undefined__co.vd-pressure__MACCITY.tax-cycle__MACCITY.tint-linear__MACCITY.map-nn,MACCITY,taxmode,cycle
01KXPMQEHK6WCFA17CG5BXHR0B,bd4f0ba6b298ca08,co.op-replace__co.cat-undefined__co.vd-pressure__MACCITY.tax-cycle__MACCITY.tint-linear__MACCITY.map-nn,MACCITY,tintalgo,linear
01KXPMQEHK6WCFA17CG5BXHR0B,bd4f0ba6b298ca08,co.op-replace__co.cat-undefined__co.vd-pressure__MACCITY.tax-cycle__MACCITY.tint-linear__MACCITY.map-nn,MACCITY,mapalgo,nn
01KXPMQEHK6WCFA17CG5BXHR0B,5a617db179bfc078,co.op-replace__co.cat-undefined__co.vd-pressure__MACCITY.tax-cycle__MACCITY.tint-linear__MACCITY.map-passthrough,co,operation,replace
01KXPMQEHK6WCFA17CG5BXHR0B,5a617db179bfc078,co.op-replace__co.cat-undefined__co.vd-pressure__MACCITY.tax-cycle__MACCITY.tint-linear__MACCITY.map-passthrough,co,category,undefined
01KXPMQEHK6WCFA17CG5BXHR0B,5a617db179bfc078,co.op-replace__co.cat-undefined__co.vd-pressure__MACCITY.tax-cycle__MACCITY.tint-linear__MACCITY.map-passthrough,co,vdist_method,pressure
01KXPMQEHK6WCFA17CG5BXHR0B,5a617db179bfc078,co.op-replace__co.cat-undefined__co.vd-pressure__MACCITY.tax-cycle__MACCITY.tint-linear__MACCITY.map-passthrough,MACCITY,taxmode,cycle
01KXPMQEHK6WCFA17CG5BXHR0B,5a617db179bfc078,co.op-replace__co.cat-undefined__co.vd-pressure__MACCITY.tax-cycle__MACCITY.tint-linear__MACCITY.map-passthrough,MACCITY,tintalgo,linear
01KXPMQEHK6WCFA17CG5BXHR0B,5a617db179bfc078,co.op-replace__co.cat-undefined__co.vd-pressure__MACCITY.tax-cycle__MACCITY.tint-linear__MACCITY.map-passthrough,MACCITY,mapalgo,passthrough
01KXPMQEHK6WCFA17CG5BXHR0B,67f5dde690bde73f,co.op-replace__co.cat-undefined__co.vd-pressure__MACCITY.tax-cycle__MACCITY.tint-nearest__MACCITY.map-bilinear,co,operation,replace
01KXPMQEHK6WCFA17CG5BXHR0B,67f5dde690bde73f,co.op-replace__co.cat-undefined__co.vd-pressure__MACCITY.tax-cycle__MACCITY.tint-nearest__MACCITY.map-bilinear,co,category,undefined
01KXPMQEHK6WCFA17CG5BXHR0B,67f5dde690bde73f,co.op-replace__co.cat-undefined__co.vd-pressure__MACCITY.tax-cycle__MACCITY.tint-nearest__MACCITY.map-bilinear,co,vdist_method,pressure
01KXPMQEHK6WCFA17CG5BXHR0B,67f5dde690bde73f,co.op-replace__co.cat-undefined__co.vd-pressure__MACCITY.tax-cycle__MACCITY.tint-nearest__MACCITY.map-bilinear,MACCITY,taxmode,cycle
01KXPMQEHK6WCFA17CG5BXHR0B,67f5dde690bde73f,co.op-replace__co.cat-undefined__co.vd-pressure__MACCITY.tax-cycle__MACCITY.tint-nearest__MACCITY.map-bilinear,MACCITY,tintalgo,nearest
01KXPMQEHK6WCFA17CG5BXHR0B,67f5dde690bde73f,co.op-replace__co.cat-undefined__co.vd-pressure__MACCITY.tax-cycle__MACCITY.tint-nearest__MACCITY.map-bilinear,MACCITY,mapalgo,bilinear
01KXPMQEHK6WCFA17CG5BXHR0B,2910ee2054dd3b1f,co.op-replace__co.cat-undefined__co.vd-pressure__MACCITY.tax-cycle__MACCITY.tint-nearest__MACCITY.map-consd,co,operation,replace
01KXPMQEHK6WCFA17CG5BXHR0B,2910ee2054dd3b1f,co.op-replace__co.cat-undefined__co.vd-pressure__MACCITY.tax-cycle__MACCITY.tint-nearest__MACCITY.map-consd,co,category,undefined
01KXPMQEHK6WCFA17CG5BXHR0B,2910ee2054dd3b1f,co.op-replace__co.cat-undefined__co.vd-pressure__MACCITY.tax-cycle__MACCITY.tint-nearest__MACCITY.map-consd,co,vdist_method,pressure
01KXPMQEHK6WCFA17CG5BXHR0B,2910ee2054dd3b1f,co.op-replace__co.cat-undefined__co.vd-pressure__MACCITY.tax-cycle__MACCITY.tint-nearest__MACCITY.map-consd,MACCITY,taxmode,cycle
01KXPMQEHK6WCFA17CG5BXHR0B,2910ee2054dd3b1f,co.op-replace__co.cat-undefined__co.vd-pressure__MACCITY.tax-cycle__MACCITY.tint-nearest__MACCITY.map-consd,MACCITY,tintalgo,nearest
01KXPMQEHK6WCFA17CG5BXHR0B,2910ee2054dd3b1f,co.op-replace__co.cat-undefined__co.vd-pressure__MACCITY.tax-cycle__MACCITY.tint-nearest__MACCITY.map-consd,MACCITY,mapalgo,consd
01KXPMQEHK6WCFA17CG5BXHR0B,711f0523879988f3,co.op-replace__co.cat-undefined__co.vd-pressure__MACCITY.tax-cycle__MACCITY.tint-nearest__MACCITY.map-conss,co,operation,replace
01KXPMQEHK6WCFA17CG5BXHR0B,711f0523879988f3,co.op-replace__co.cat-undefined__co.vd-pressure__MACCITY.tax-cycle__MACCITY.tint-nearest__MACCITY.map-conss,co,category,undefined
01KXPMQEHK6WCFA17CG5BXHR0B,711f0523879988f3,co.op-replace__co.cat-undefined__co.vd-pressure__MACCITY.tax-cycle__MACCITY.tint-nearest__MACCITY.map-conss,co,vdist_method,pressure
01KXPMQEHK6WCFA17CG5BXHR0B,711f0523879988f3,co.op-replace__co.cat-undefined__co.vd-pressure__MACCITY.tax-cycle__MACCITY.tint-nearest__MACCITY.map-conss,MACCITY,taxmode,cycle
01KXPMQEHK6WCFA17CG5BXHR0B,711f0523879988f3,co.op-replace__co.cat-undefined__co.vd-pressure__MACCITY.tax-cycle__MACCITY.tint-nearest__MACCITY.map-conss,MACCITY,tintalgo,nearest
01KXPMQEHK6WCFA17CG5BXHR0B,711f0523879988f3,co.op-replace__co.cat-undefined__co.vd-pressure__MACCITY.tax-cycle__MACCITY.tint-nearest__MACCITY.map-conss,MACCITY,mapalgo,conss
01KXPMQEHK6WCFA17CG5BXHR0B,b875634ee09d7618,co.op-replace__co.cat-undefined__co.vd-pressure__MACCITY.tax-cycle__MACCITY.tint-nearest__MACCITY.map-cubic,co,operation,replace
01KXPMQEHK6WCFA17CG5BXHR0B,b875634ee09d7618,co.op-replace__co.cat-undefined__co.vd-pressure__MACCITY.tax-cycle__MACCITY.tint-nearest__MACCITY.map-cubic,co,category,undefined
01KXPMQEHK6WCFA17CG5BXHR0B,b875634ee09d7618,co.op-replace__co.cat-undefined__co.vd-pressure__MACCITY.tax-cycle__MACCITY.tint-nearest__MACCITY.map-cubic,co,vdist_method,pressure
01KXPMQEHK6WCFA17CG5BXHR0B,b875634ee09d7618,co.op-replace__co.cat-undefined__co.vd-pressure__MACCITY.tax-cycle__MACCITY.tint-nearest__MACCITY.map-cubic,MACCITY,taxmode,cycle
01KXPMQEHK6WCFA17CG5BXHR0B,b875634ee09d7618,co.op-replace__co.cat-undefined__co.vd-pressure__MACCITY.tax-cycle__MACCITY.tint-nearest__MACCITY.map-cubic,MACCITY,tintalgo,nearest
01KXPMQEHK6WCFA17CG5BXHR0B,b875634ee09d7618,co.op-replace__co.cat-undefined__co.vd-pressure__MACCITY.tax-cycle__MACCITY.tint-nearest__MACCITY.map-cubic,MACCITY,mapalgo,cubic
01KXPMQEHK6WCFA17CG5BXHR0B,87496045e547abc0,co.op-replace__co.cat-undefined__co.vd-pressure__MACCITY.tax-cycle__MACCITY.tint-nearest__MACCITY.map-nn,co,operation,replace
01KXPMQEHK6WCFA17CG5BXHR0B,87496045e547abc0,co.op-replace__co.cat-undefined__co.vd-pressure__MACCITY.tax-cycle__MACCITY.tint-nearest__MACCITY.map-nn,co,category,undefined
01KXPMQEHK6WCFA17CG5BXHR0B,87496045e547abc0,co.op-replace__co.cat-undefined__co.vd-pressure__MACCITY.tax-cycle__MACCITY.tint-nearest__MACCITY.map-nn,co,vdist_method,pressure
01KXPMQEHK6WCFA17CG5BXHR0B,87496045e547abc0,co.op-replace__co.cat-undefined__co.vd-pressure__MACCITY.tax-cycle__MACCITY.tint-nearest__MACCITY.map-nn,MACCITY,taxmode,cycle
01KXPMQEHK6WCFA17CG5BXHR0B,87496045e547abc0,co.op-replace__co.cat-undefined__co.vd-pressure__MACCITY.tax-cycle__MACCITY.tint-nearest__MACCITY.map-nn,MACCITY,tintalgo,nearest
01KXPMQEHK6WCFA17CG5BXHR0B,87496045e547abc0,co.op-replace__co.cat-undefined__co.vd-pressure__MACCITY.tax-cycle__MACCITY.tint-nearest__MACCITY.map-nn,MACCITY,mapalgo,nn
01KXPMQEHK6WCFA17CG5BXHR0B,3881f0d0fa700f58,co.op-replace__co.cat-undefined__co.vd-pressure__MACCITY.tax-cycle__MACCITY.tint-nearest__MACCITY.map-passthrough,co,operation,replace
01KXPMQEHK6WCFA17CG5BXHR0B,3881f0d0fa700f58,co.op-replace__co.cat-undefined__co.vd-pressure__MACCITY.tax-cycle__MACCITY.tint-nearest__MACCITY.map-passthrough,co,category,undefined
01KXPMQEHK6WCFA17CG5BXHR0B,3881f0d0fa700f58,co.op-replace__co.cat-undefined__co.vd-pressure__MACCITY.tax-cycle__MACCITY.tint-nearest__MACCITY.map-passthrough,co,vdist_method,pressure
01KXPMQEHK6WCFA17CG5BXHR0B,3881f0d0fa700f58,co.op-replace__co.cat-undefined__co.vd-pressure__MACCITY.tax-cycle__MACCITY.tint-nearest__MACCITY.map-passthrough,MACCITY,taxmode,cycle
01KXPMQEHK6WCFA17CG5BXHR0B,3881f0d0fa700f58,co.op-replace__co.cat-undefined__co.vd-pressure__MACCITY.tax-cycle__MACCITY.tint-nearest__MACCITY.map-passthrough,MACCITY,tintalgo,nearest
01KXPMQEHK6WCFA17CG5BXHR0B,3881f0d0fa700f58,co.op-replace__co.cat-undefined__co.vd-pressure__MACCITY.tax-cycle__MACCITY.tint-nearest__MACCITY.map-passthrough,MACCITY,mapalgo,passthrough
01KXPMQEHK6WCFA17CG5BXHR0B,b04f3eba849b7d33,co.op-replace__co.cat-undefined__co.vd-pressure__MACCITY.tax-extend__MACCITY.tint-linear__MACCITY.map-bilinear,co,operation,replace
01KXPMQEHK6WCFA17CG5BXHR0B,b04f3eba849b7d33,co.op-replace__co.cat-undefined__co.vd-pressure__MACCITY.tax-extend__MACCITY.tint-linear__MACCITY.map-bilinear,co,category,undefined
01KXPMQEHK6WCFA17CG5BXHR0B,b04f3eba849b7d33,co.op-replace__co.cat-undefined__co.vd-pressure__MACCITY.tax-extend__MACCITY.tint-linear__MACCITY.map-bilinear,co,vdist_method,pressure
01KXPMQEHK6WCFA17CG5BXHR0B,b04f3eba849b7d33,co.op-replace__co.cat-undefined__co.vd-pressure__MACCITY.tax-extend__MACCITY.tint-linear__MACCITY.map-bilinear,MACCITY,taxmode,extend
01KXPMQEHK6WCFA17CG5BXHR0B,b04f3eba849b7d33,co.op-replace__co.cat-undefined__co.vd-pressure__MACCITY.tax-extend__MACCITY.tint-linear__MACCITY.map-bilinear,MACCITY,tintalgo,linear
01KXPMQEHK6WCFA17CG5BXHR0B,b04f3eba849b7d33,co.op-replace__co.cat-undefined__co.vd-pressure__MACCITY.tax-extend__MACCITY.tint-linear__MACCITY.map-bilinear,MACCITY,mapalgo,bilinear
01KXPMQEHK6WCFA17CG5BXHR0B,53ded754fc3f94e8,co.op-replace__co.cat-undefined__co.vd-pressure__MACCITY.tax-extend__MACCITY.tint-linear__MACCITY.map-consd,co,operation,replace
01KXPMQEHK6WCFA17CG5BXHR0B,53ded754fc3f94e8,co.op-replace__co.cat-undefined__co.vd-pressure__MACCITY.tax-extend__MACCITY.tint-linear__MACCITY.map-consd,co,category,undefined
01KXPMQEHK6WCFA17CG5BXHR0B,53ded754fc3f94e8,co.op-replace__co.cat-undefined__co.vd-pressure__MACCITY.tax-extend__MACCITY.tint-linear__MACCITY.map-consd,co,vdist_method,pressure
01KXPMQEHK6WCFA17CG5BXHR0B,53ded754fc3f94e8,co.op-replace__co.cat-undefined__co.vd-pressure__MACCITY.tax-extend__MACCITY.tint-linear__MACCITY.map-consd,MACCITY,taxmode,extend
01KXPMQEHK6WCFA17CG5BXHR0B,53ded754fc3f94e8,co.op-replace__co.cat-undefined__co.vd-pressure__MACCITY.tax-extend__MACCITY.tint-linear__MACCITY.map-consd,MACCITY,tintalgo,linear
01KXPMQEHK6WCFA17CG5BXHR0B,53ded754fc3f94e8,co.op-replace__co.cat-undefined__co.vd-pressure__MACCITY.tax-extend__MACCITY.tint-linear__MACCITY.map-consd,MACCITY,mapalgo,consd
01KXPMQEHK6WCFA17CG5BXHR0B,26d20d5ea54ec113,co.op-replace__co.cat-undefined__co.vd-pressure__MACCITY.tax-extend__MACCITY.tint-linear__MACCITY.map-conss,co,operation,replace
01KXPMQEHK6WCFA17CG5BXHR0B,26d20d5ea54ec113,co.op-replace__co.cat-undefined__co.vd-pressure__MACCITY.tax-extend__MACCITY.tint-linear__MACCITY.map-conss,co,category,undefined
01KXPMQEHK6WCFA17CG5BXHR0B,26d20d5ea54ec113,co.op-replace__co.cat-undefined__co.vd-pressure__MACCITY.tax-extend__MACCITY.tint-linear__MACCITY.map-conss,co,vdist_method,pressure
01KXPMQEHK6WCFA17CG5BXHR0B,26d20d5ea54ec113,co.op-replace__co.cat-undefined__co.vd-pressure__MACCITY.tax-extend__MACCITY.tint-linear__MACCITY.map-conss,MACCITY,taxmode,extend
01KXPMQEHK6WCFA17CG5BXHR0B,26d20d5ea54ec113,co.op-replace__co.cat-undefined__co.vd-pressure__MACCITY.tax-extend__MACCITY.tint-linear__MACCITY.map-conss,MACCITY,tintalgo,linear
01KXPMQEHK6WCFA17CG5BXHR0B,26d20d5ea54ec113,co.op-replace__co.cat-undefined__co.vd-pressure__MACCITY.tax-extend__MACCITY.tint-linear__MACCITY.map-conss,MACCITY,mapalgo,conss
01KXPMQEHK6WCFA17CG5BXHR0B,31297cfb315443bf,co.op-replace__co.cat-undefined__co.vd-pressure__MACCITY.tax-extend__MACCITY.tint-linear__MACCITY.map-cubic,co,operation,replace
01KXPMQEHK6WCFA17CG5BXHR0B,31297cfb315443bf,co.op-replace__co.cat-undefined__co.vd-pressure__MACCITY.tax-extend__MACCITY.tint-linear__MACCITY.map-cubic,co,category,undefined
01KXPMQEHK6WCFA17CG5BXHR0B,31297cfb315443bf,co.op-replace__co.cat-undefined__co.vd-pressure__MACCITY.tax-extend__MACCITY.tint-linear__MACCITY.map-cubic,co,vdist_method,pressure
01KXPMQEHK6WCFA17CG5BXHR0B,31297cfb315443bf,co.op-replace__co.cat-undefined__co.vd-pressure__MACCITY.tax-extend__MACCITY.tint-linear__MACCITY.map-cubic,MACCITY,taxmode,extend
01KXPMQEHK6WCFA17CG5BXHR0B,31297cfb315443bf,co.op-replace__co.cat-undefined__co.vd-pressure__MACCITY.tax-extend__MACCITY.tint-linear__MACCITY.map-cubic,MACCITY,tintalgo,linear
01KXPMQEHK6WCFA17CG5BXHR0B,31297cfb315443bf,co.op-replace__co.cat-undefined__co.vd-pressure__MACCITY.tax-extend__MACCITY.tint-linear__MACCITY.map-cubic,MACCITY,mapalgo,cubic
01KXPMQEHK6WCFA17CG5BXHR0B,b1ce77e3b680dd6c,co.op-replace__co.cat-undefined__co.vd-pressure__MACCITY.tax-extend__MACCITY.tint-linear__MACCITY.map-nn,co,operation,replace
01KXPMQEHK6WCFA17CG5BXHR0B,b1ce77e3b680dd6c,co.op-replace__co.cat-undefined__co.vd-pressure__MACCITY.tax-extend__MACCITY.tint-linear__MACCITY.map-nn,co,category,undefined
01KXPMQEHK6WCFA17CG5BXHR0B,b1ce77e3b680dd6c,co.op-replace__co.cat-undefined__co.vd-pressure__MACCITY.tax-extend__MACCITY.tint-linear__MACCITY.map-nn,co,vdist_method,pressure
01KXPMQEHK6WCFA17CG5BXHR0B,b1ce77e3b680dd6c,co.op-replace__co.cat-undefined__co.vd-pressure__MACCITY.tax-extend__MACCITY.tint-linear__MACCITY.map-nn,MACCITY,taxmode,extend
01KXPMQEHK6WCFA17CG5BXHR0B,b1ce77e3b680dd6c,co.op-replace__co.cat-undefined__co.vd-pressure__MACCITY.tax-extend__MACCITY.tint-linear__MACCITY.map-nn,MACCITY,tintalgo,linear
01KXPMQEHK6WCFA17CG5BXHR0B,b1ce77e3b680dd6c,co.op-replace__co.cat-undefined__co.vd-pressure__MACCITY.tax-extend__MACCITY.tint-linear__MACCITY.map-nn,MACCITY,mapalgo,nn
01KXPMQEHK6WCFA17CG5BXHR0B,0dfd7756aed6faf8,co.op-replace__co.cat-undefined__co.vd-pressure__MACCITY.tax-extend__MACCITY.tint-linear__MACCITY.map-passthrough,co,operation,replace
01KXPMQEHK6WCFA17CG5BXHR0B,0dfd7756aed6faf8,co.op-replace__co.cat-undefined__co.vd-pressure__MACCITY.tax-extend__MACCITY.tint-linear__MACCITY.map-passthrough,co,category,undefined
01KXPMQEHK6WCFA17CG5BXHR0B,0dfd7756aed6faf8,co.op-replace__co.cat-undefined__co.vd-pressure__MACCITY.tax-extend__MACCITY.tint-linear__MACCITY.map-passthrough,co,vdist_method,pressure
01KXPMQEHK6WCFA17CG5BXHR0B,0dfd7756aed6faf8,co.op-replace__co.cat-undefined__co.vd-pressure__MACCITY.tax-extend__MACCITY.tint-linear__MACCITY.map-passthrough,MACCITY,taxmode,extend
01KXPMQEHK6WCFA17CG5BXHR0B,0dfd7756aed6faf8,co.op-replace__co.cat-undefined__co.vd-pressure__MACCITY.tax-extend__MACCITY.tint-linear__MACCITY.map-passthrough,MACCITY,tintalgo,linear
01KXPMQEHK6WCFA17CG5BXHR0B,0dfd7756aed6faf8,co.op-replace__co.cat-undefined__co.vd-pressure__MACCITY.tax-extend__MACCITY.tint-linear__MACCITY.map-passthrough,MACCITY,mapalgo,passthrough
01KXPMQEHK6WCFA17CG5BXHR0B,e8e9dd6269c84d32,co.op-replace__co.cat-undefined__co.vd-pressure__MACCITY.tax-extend__MACCITY.tint-nearest__MACCITY.map-bilinear,co,operation,replace
01KXPMQEHK6WCFA17CG5BXHR0B,e8e9dd6269c84d32,co.op-replace__co.cat-undefined__co.vd-pressure__MACCITY.tax-extend__MACCITY.tint-nearest__MACCITY.map-bilinear,co,category,undefined
01KXPMQEHK6WCFA17CG5BXHR0B,e8e9dd6269c84d32,co.op-replace__co.cat-undefined__co.vd-pressure__MACCITY.tax-extend__MACCITY.tint-nearest__MACCITY.map-bilinear,co,vdist_method,pressure
01KXPMQEHK6WCFA17CG5BXHR0B,e8e9dd6269c84d32,co.op-replace__co.cat-undefined__co.vd-pressure__MACCITY.tax-extend__MACCITY.tint-nearest__MACCITY.map-bilinear,MACCITY,taxmode,extend
01KXPMQEHK6WCFA17CG5BXHR0B,e8e9dd6269c84d32,co.op-replace__co.cat-undefined__co.vd-pressure__MACCITY.tax-extend__MACCITY.tint-nearest__MACCITY.map-bilinear,MACCITY,tintalgo,nearest
01KXPMQEHK6WCFA17CG5BXHR0B,e8e9dd6269c84d32,co.op-replace__co.cat-undefined__co.vd-pressure__MACCITY.tax-extend__MACCITY.tint-nearest__MACCITY.map-bilinear,MACCITY,mapalgo,bilinear
01KXPMQEHK6WCFA17CG5BXHR0B,6c1be7ff09f0f947,co.op-replace__co.cat-undefined__co.vd-pressure__MACCITY.tax-extend__MACCITY.tint-nearest__MACCITY.map-consd,co,operation,replace
01KXPMQEHK6WCFA17CG5BXHR0B,6c1be7ff09f0f947,co.op-replace__co.cat-undefined__co.vd-pressure__MACCITY.tax-extend__MACCITY.tint-nearest__MACCITY.map-consd,co,category,undefined
01KXPMQEHK6WCFA17CG5BXHR0B,6c1be7ff09f0f947,co.op-replace__co.cat-undefined__co.vd-pressure__MACCITY.tax-extend__MACCITY.tint-nearest__MACCITY.map-consd,co,vdist_method,pressure
01KXPMQEHK6WCFA17CG5BXHR0B,6c1be7ff09f0f947,co.op-replace__co.cat-undefined__co.vd-pressure__MACCITY.tax-extend__MACCITY.tint-nearest__MACCITY.map-consd,MACCITY,taxmode,extend
01KXPMQEHK6WCFA17CG5BXHR0B,6c1be7ff09f0f947,co.op-replace__co.cat-undefined__co.vd-pressure__MACCITY.tax-extend__MACCITY.tint-nearest__MACCITY.map-consd,MACCITY,tintalgo,nearest
01KXPMQEHK6WCFA17CG5BXHR0B,6c1be7ff09f0f947,co.op-replace__co.cat-undefined__co.vd-pressure__MACCITY.tax-extend__MACCITY.tint-nearest__MACCITY.map-consd,MACCITY,mapalgo,consd
01KXPMQEHK6WCFA17CG5BXHR0B,80b99be2f6a1a1dd,co.op-replace__co.cat-undefined__co.vd-pressure__MACCITY.tax-extend__MACCITY.tint-nearest__MACCITY.map-conss,co,operation,replace
01KXPMQEHK6WCFA17CG5BXHR0B,80b99be2f6a1a1dd,co.op-replace__co.cat-undefined__co.vd-pressure__MACCITY.tax-extend__MACCITY.tint-nearest__MACCITY.map-conss,co,category,undefined
01KXPMQEHK6WCFA17CG5BXHR0B,80b99be2f6a1a1dd,co.op-replace__co.cat-undefined__co.vd-pressure__MACCITY.tax-extend__MACCITY.tint-nearest__MACCITY.map-conss,co,vdist_method,pressure
01KXPMQEHK6WCFA17CG5BXHR0B,80b99be2f6a1a1dd,co.op-replace__co.cat-undefined__co.vd-pressure__MACCITY.tax-extend__MACCITY.tint-nearest__MACCITY.map-conss,MACCITY,taxmode,extend
01KXPMQEHK6WCFA17CG5BXHR0B,80b99be2f6a1a1dd,co.op-replace__co.cat-undefined__co.vd-pressure__MACCITY.tax-extend__MACCITY.tint-nearest__MACCITY.map-conss,MACCITY,tintalgo,nearest
01KXPMQEHK6WCFA17CG5BXHR0B,80b99be2f6a1a1dd,co.op-replace__co.cat-undefined__co.vd-pressure__MACCITY.tax-extend__MACCITY.tint-nearest__MACCITY.map-conss,MACCITY,mapalgo,conss
01KXPMQEHK6WCFA17CG5BXHR0B,b554f0efeeb2c887,co.op-replace__co.cat-undefined__co.vd-pressure__MACCITY.tax-extend__MACCITY.tint-nearest__MACCITY.map-cubic,co,operation,replace
01KXPMQEHK6WCFA17CG5BXHR0B,b554f0efeeb2c887,co.op-replace__co.cat-undefined__co.vd-pressure__MACCITY.tax-extend__MACCITY.tint-nearest__MACCITY.map-cubic,co,category,undefined
01KXPMQEHK6WCFA17CG5BXHR0B,b554f0efeeb2c887,co.op-replace__co.cat-undefined__co.vd-pressure__MACCITY.tax-extend__MACCITY.tint-nearest__MACCITY.map-cubic,co,vdist_method,pressure
01KXPMQEHK6WCFA17CG5BXHR0B,b554f0efeeb2c887,co.op-replace__co.cat-undefined__co.vd-pressure__MACCITY.tax-extend__MACCITY.tint-nearest__MACCITY.map-cubic,MACCITY,taxmode,extend
01KXPMQEHK6WCFA17CG5BXHR0B,b554f0efeeb2c887,co.op-replace__co.cat-undefined__co.vd-pressure__MACCITY.tax-extend__MACCITY.tint-nearest__MACCITY.map-cubic,MACCITY,tintalgo,nearest
01KXPMQEHK6WCFA17CG5BXHR0B,b554f0efeeb2c887,co.op-replace__co.cat-undefined__co.vd-pressure__MACCITY.tax-extend__MACCITY.tint-nearest__MACCITY.map-cubic,MACCITY,mapalgo,cubic
01KXPMQEHK6WCFA17CG5BXHR0B,e89b5a05592ebc12,co.op-replace__co.cat-undefined__co.vd-pressure__MACCITY.tax-extend__MACCITY.tint-nearest__MACCITY.map-nn,co,operation,replace
01KXPMQEHK6WCFA17CG5BXHR0B,e89b5a05592ebc12,co.op-replace__co.cat-undefined__co.vd-pressure__MACCITY.tax-extend__MACCITY.tint-nearest__MACCITY.map-nn,co,category,undefined
01KXPMQEHK6WCFA17CG5BXHR0B,e89b5a05592ebc12,co.op-replace__co.cat-undefined__co.vd-pressure__MACCITY.tax-extend__MACCITY.tint-nearest__MACCITY.map-nn,co,vdist_method,pressure
01KXPMQEHK6WCFA17CG5BXHR0B,e89b5a05592ebc12,co.op-replace__co.cat-undefined__co.vd-pressure__MACCITY.tax-extend__MACCITY.tint-nearest__MACCITY.map-nn,MACCITY,taxmode,extend
01KXPMQEHK6WCFA17CG5BXHR0B,e89b5a05592ebc12,co.op-replace__co.cat-undefined__co.vd-pressure__MACCITY.tax-extend__MACCITY.tint-nearest__MACCITY.map-nn,MACCITY,tintalgo,nearest
01KXPMQEHK6WCFA17CG5BXHR0B,e89b5a05592ebc12,co.op-replace__co.cat-undefined__co.vd-pressure__MACCITY.tax-extend__MACCITY.tint-nearest__MACCITY.map-nn,MACCITY,mapalgo,nn
01KXPMQEHK6WCFA17CG5BXHR0B,f1fee7c1668649ec,co.op-replace__co.cat-undefined__co.vd-pressure__MACCITY.tax-extend__MACCITY.tint-nearest__MACCITY.map-passthrough,co,operation,replace
01KXPMQEHK6WCFA17CG5BXHR0B,f1fee7c1668649ec,co.op-replace__co.cat-undefined__co.vd-pressure__MACCITY.tax-extend__MACCITY.tint-nearest__MACCITY.map-passthrough,co,category,undefined
01KXPMQEHK6WCFA17CG5BXHR0B,f1fee7c1668649ec,co.op-replace__co.cat-undefined__co.vd-pressure__MACCITY.tax-extend__MACCITY.tint-nearest__MACCITY.map-passthrough,co,vdist_method,pressure
01KXPMQEHK6WCFA17CG5BXHR0B,f1fee7c1668649ec,co.op-replace__co.cat-undefined__co.vd-pressure__MACCITY.tax-extend__MACCITY.tint-nearest__MACCITY.map-passthrough,MACCITY,taxmode,extend
01KXPMQEHK6WCFA17CG5BXHR0B,f1fee7c1668649ec,co.op-replace__co.cat-undefined__co.vd-pressure__MACCITY.tax-extend__MACCITY.tint-nearest__MACCITY.map-passthrough,MACCITY,tintalgo,nearest
01KXPMQEHK6WCFA17CG5BXHR0B,f1fee7c1668649ec,co.op-replace__co.cat-undefined__co.vd-pressure__MACCITY.tax-extend__MACCITY.tint-nearest__MACCITY.map-passthrough,MACCITY,mapalgo,passthrough
01KXPMQEHK6WCFA17CG5BXHR0B,d1f6a3b5a8cb8377,co.op-replace__co.cat-undefined__co.vd-range__MACCITY.tax-cycle__MACCITY.tint-linear__MACCITY.map-bilinear,co,operation,replace
01KXPMQEHK6WCFA17CG5BXHR0B,d1f6a3b5a8cb8377,co.op-replace__co.cat-undefined__co.vd-range__MACCITY.tax-cycle__MACCITY.tint-linear__MACCITY.map-bilinear,co,category,undefined
01KXPMQEHK6WCFA17CG5BXHR0B,d1f6a3b5a8cb8377,co.op-replace__co.cat-undefined__co.vd-range__MACCITY.tax-cycle__MACCITY.tint-linear__MACCITY.map-bilinear,co,vdist_method,range
01KXPMQEHK6WCFA17CG5BXHR0B,d1f6a3b5a8cb8377,co.op-replace__co.cat-undefined__co.vd-range__MACCITY.tax-cycle__MACCITY.tint-linear__MACCITY.map-bilinear,MACCITY,taxmode,cycle
01KXPMQEHK6WCFA17CG5BXHR0B,d1f6a3b5a8cb8377,co.op-replace__co.cat-undefined__co.vd-range__MACCITY.tax-cycle__MACCITY.tint-linear__MACCITY.map-bilinear,MACCITY,tintalgo,linear
01KXPMQEHK6WCFA17CG5BXHR0B,d1f6a3b5a8cb8377,co.op-replace__co.cat-undefined__co.vd-range__MACCITY.tax-cycle__MACCITY.tint-linear__MACCITY.map-bilinear,MACCITY,mapalgo,bilinear
01KXPMQEHK6WCFA17CG5BXHR0B,41a4b975c41c3fbc,co.op-replace__co.cat-undefined__co.vd-range__MACCITY.tax-cycle__MACCITY.tint-linear__MACCITY.map-consd,co,operation,replace
01KXPMQEHK6WCFA17CG5BXHR0B,41a4b975c41c3fbc,co.op-replace__co.cat-undefined__co.vd-range__MACCITY.tax-cycle__MACCITY.tint-linear__MACCITY.map-consd,co,category,undefined
01KXPMQEHK6WCFA17CG5BXHR0B,41a4b975c41c3fbc,co.op-replace__co.cat-undefined__co.vd-range__MACCITY.tax-cycle__MACCITY.tint-linear__MACCITY.map-consd,co,vdist_method,range
01KXPMQEHK6WCFA17CG5BXHR0B,41a4b975c41c3fbc,co.op-replace__co.cat-undefined__co.vd-range__MACCITY.tax-cycle__MACCITY.tint-linear__MACCITY.map-consd,MACCITY,taxmode,cycle
01KXPMQEHK6WCFA17CG5BXHR0B,41a4b975c41c3fbc,co.op-replace__co.cat-undefined__co.vd-range__MACCITY.tax-cycle__MACCITY.tint-linear__MACCITY.map-consd,MACCITY,tintalgo,linear
01KXPMQEHK6WCFA17CG5BXHR0B,41a4b975c41c3fbc,co.op-replace__co.cat-undefined__co.vd-range__MACCITY.tax-cycle__MACCITY.tint-linear__MACCITY.map-consd,MACCITY,mapalgo,consd
01KXPMQEHK6WCFA17CG5BXHR0B,fd21389cdb945146,co.op-replace__co.cat-undefined__co.vd-range__MACCITY.tax-cycle__MACCITY.tint-linear__MACCITY.map-conss,co,operation,replace
01KXPMQEHK6WCFA17CG5BXHR0B,fd21389cdb945146,co.op-replace__co.cat-undefined__co.vd-range__MACCITY.tax-cycle__MACCITY.tint-linear__MACCITY.map-conss,co,category,undefined
01KXPMQEHK6WCFA17CG5BXHR0B,fd21389cdb945146,co.op-replace__co.cat-undefined__co.vd-range__MACCITY.tax-cycle__MACCITY.tint-linear__MACCITY.map-conss,co,vdist_method,range
01KXPMQEHK6WCFA17CG5BXHR0B,fd21389cdb945146,co.op-replace__co.cat-undefined__co.vd-range__MACCITY.tax-cycle__MACCITY.tint-linear__MACCITY.map-conss,MACCITY,taxmode,cycle
01KXPMQEHK6WCFA17CG5BXHR0B,fd21389cdb945146,co.op-replace__co.cat-undefined__co.vd-range__MACCITY.tax-cycle__MACCITY.tint-linear__MACCITY.map-conss,MACCITY,tintalgo,linear
01KXPMQEHK6WCFA17CG5BXHR0B,fd21389cdb945146,co.op-replace__co.cat-undefined__co.vd-range__MACCITY.tax-cycle__MACCITY.tint-linear__MACCITY.map-conss,MACCITY,mapalgo,conss
01KXPMQEHK6WCFA17CG5BXHR0B,859ed057bc9d01b0,co.op-replace__co.cat-undefined__co.vd-range__MACCITY.tax-cycle__MACCITY.tint-linear__MACCITY.map-cubic,co,operation,replace
01KXPMQEHK6WCFA17CG5BXHR0B,859ed057bc9d01b0,co.op-replace__co.cat-undefined__co.vd-range__MACCITY.tax-cycle__MACCITY.tint-linear__MACCITY.map-cubic,co,category,undefined
01KXPMQEHK6WCFA17CG5BXHR0B,859ed057bc9d01b0,co.op-replace__co.cat-undefined__co.vd-range__MACCITY.tax-cycle__MACCITY.tint-linear__MACCITY.map-cubic,co,vdist_method,range
01KXPMQEHK6WCFA17CG5BXHR0B,859ed057bc9d01b0,co.op-replace__co.cat-undefined__co.vd-range__MACCITY.tax-cycle__MACCITY.tint-linear__MACCITY.map-cubic,MACCITY,taxmode,cycle
01KXPMQEHK6WCFA17CG5BXHR0B,859ed057bc9d01b0,co.op-replace__co.cat-undefined__co.vd-range__MACCITY.tax-cycle__MACCITY.tint-linear__MACCITY.map-cubic,MACCITY,tintalgo,linear
01KXPMQEHK6WCFA17CG5BXHR0B,859ed057bc9d01b0,co.op-replace__co.cat-undefined__co.vd-range__MACCITY.tax-cycle__MACCITY.tint-linear__MACCITY.map-cubic,MACCITY,mapalgo,cubic
01KXPMQEHK6WCFA17CG5BXHR0B,48cadb5e65ceddde,co.op-replace__co.cat-undefined__co.vd-range__MACCITY.tax-cycle__MACCITY.tint-linear__MACCITY.map-nn,co,operation,replace
01KXPMQEHK6WCFA17CG5BXHR0B,48cadb5e65ceddde,co.op-replace__co.cat-undefined__co.vd-range__MACCITY.tax-cycle__MACCITY.tint-linear__MACCITY.map-nn,co,category,undefined
01KXPMQEHK6WCFA17CG5BXHR0B,48cadb5e65ceddde,co.op-replace__co.cat-undefined__co.vd-range__MACCITY.tax-cycle__MACCITY.tint-linear__MACCITY.map-nn,co,vdist_method,range
01KXPMQEHK6WCFA17CG5BXHR0B,48cadb5e65ceddde,co.op-replace__co.cat-undefined__co.vd-range__MACCITY.tax-cycle__MACCITY.tint-linear__MACCITY.map-nn,MACCITY,taxmode,cycle
01KXPMQEHK6WCFA17CG5BXHR0B,48cadb5e65ceddde,co.op-replace__co.cat-undefined__co.vd-range__MACCITY.tax-cycle__MACCITY.tint-linear__MACCITY.map-nn,MACCITY,tintalgo,linear
01KXPMQEHK6WCFA17CG5BXHR0B,48cadb5e65ceddde,co.op-replace__co.cat-undefined__co.vd-range__MACCITY.tax-cycle__MACCITY.tint-linear__MACCITY.map-nn,MACCITY,mapalgo,nn
01KXPMQEHK6WCFA17CG5BXHR0B,e6c3c3903104f42e,co.op-replace__co.cat-undefined__co.vd-range__MACCITY.tax-cycle__MACCITY.tint-linear__MACCITY.map-passthrough,co,operation,replace
01KXPMQEHK6WCFA17CG5BXHR0B,e6c3c3903104f42e,co.op-replace__co.cat-undefined__co.vd-range__MACCITY.tax-cycle__MACCITY.tint-linear__MACCITY.map-passthrough,co,category,undefined
01KXPMQEHK6WCFA17CG5BXHR0B,e6c3c3903104f42e,co.op-replace__co.cat-undefined__co.vd-range__MACCITY.tax-cycle__MACCITY.tint-linear__MACCITY.map-passthrough,co,vdist_method,range
01KXPMQEHK6WCFA17CG5BXHR0B,e6c3c3903104f42e,co.op-replace__co.cat-undefined__co.vd-range__MACCITY.tax-cycle__MACCITY.tint-linear__MACCITY.map-passthrough,MACCITY,taxmode,cycle
01KXPMQEHK6WCFA17CG5BXHR0B,e6c3c3903104f42e,co.op-replace__co.cat-undefined__co.vd-range__MACCITY.tax-cycle__MACCITY.tint-linear__MACCITY.map-passthrough,MACCITY,tintalgo,linear
01KXPMQEHK6WCFA17CG5BXHR0B,e6c3c3903104f42e,co.op-replace__co.cat-undefined__co.vd-range__MACCITY.tax-cycle__MACCITY.tint-linear__MACCITY.map-passthrough,MACCITY,mapalgo,passthrough
01KXPMQEHK6WCFA17CG5BXHR0B,3c49eb684c853f8a,co.op-replace__co.cat-undefined__co.vd-range__MACCITY.tax-cycle__MACCITY.tint-nearest__MACCITY.map-bilinear,co,operation,replace
01KXPMQEHK6WCFA17CG5BXHR0B,3c49eb684c853f8a,co.op-replace__co.cat-undefined__co.vd-range__MACCITY.tax-cycle__MACCITY.tint-nearest__MACCITY.map-bilinear,co,category,undefined
01KXPMQEHK6WCFA17CG5BXHR0B,3c49eb684c853f8a,co.op-replace__co.cat-undefined__co.vd-range__MACCITY.tax-cycle__MACCITY.tint-nearest__MACCITY.map-bilinear,co,vdist_method,range
01KXPMQEHK6WCFA17CG5BXHR0B,3c49eb684c853f8a,co.op-replace__co.cat-undefined__co.vd-range__MACCITY.tax-cycle__MACCITY.tint-nearest__MACCITY.map-bilinear,MACCITY,taxmode,cycle
01KXPMQEHK6WCFA17CG5BXHR0B,3c49eb684c853f8a,co.op-replace__co.cat-undefined__co.vd-range__MACCITY.tax-cycle__MACCITY.tint-nearest__MACCITY.map-bilinear,MACCITY,tintalgo,nearest
01KXPMQEHK6WCFA17CG5BXHR0B,3c49eb684c853f8a,co.op-replace__co.cat-undefined__co.vd-range__MACCITY.tax-cycle__MACCITY.tint-nearest__MACCITY.map-bilinear,MACCITY,mapalgo,bilinear
01KXPMQEHK6WCFA17CG5BXHR0B,b93096bb98089f68,co.op-replace__co.cat-undefined__co.vd-range__MACCITY.tax-cycle__MACCITY.tint-nearest__MACCITY.map-consd,co,operation,replace
01KXPMQEHK6WCFA17CG5BXHR0B,b93096bb98089f68,co.op-replace__co.cat-undefined__co.vd-range__MACCITY.tax-cycle__MACCITY.tint-nearest__MACCITY.map-consd,co,category,undefined
01KXPMQEHK6WCFA17CG5BXHR0B,b93096bb98089f68,co.op-replace__co.cat-undefined__co.vd-range__MACCITY.tax-cycle__MACCITY.tint-nearest__MACCITY.map-consd,co,vdist_method,range
01KXPMQEHK6WCFA17CG5BXHR0B,b93096bb98089f68,co.op-replace__co.cat-undefined__co.vd-range__MACCITY.tax-cycle__MACCITY.tint-nearest__MACCITY.map-consd,MACCITY,taxmode,cycle
01KXPMQEHK6WCFA17CG5BXHR0B,b93096bb98089f68,co.op-replace__co.cat-undefined__co.vd-range__MACCITY.tax-cycle__MACCITY.tint-nearest__MACCITY.map-consd,MACCITY,tintalgo,nearest
01KXPMQEHK6WCFA17CG5BXHR0B,b93096bb98089f68,co.op-replace__co.cat-undefined__co.vd-range__MACCITY.tax-cycle__MACCITY.tint-nearest__MACCITY.map-consd,MACCITY,mapalgo,consd
01KXPMQEHK6WCFA17CG5BXHR0B,b70bf3bce584d107,co.op-replace__co.cat-undefined__co.vd-range__MACCITY.tax-cycle__MACCITY.tint-nearest__MACCITY.map-conss,co,operation,replace
01KXPMQEHK6WCFA17CG5BXHR0B,b70bf3bce584d107,co.op-replace__co.cat-undefined__co.vd-range__MACCITY.tax-cycle__MACCITY.tint-nearest__MACCITY.map-conss,co,category,undefined
01KXPMQEHK6WCFA17CG5BXHR0B,b70bf3bce584d107,co.op-replace__co.cat-undefined__co.vd-range__MACCITY.tax-cycle__MACCITY.tint-nearest__MACCITY.map-conss,co,vdist_method,range
01KXPMQEHK6WCFA17CG5BXHR0B,b70bf3bce584d107,co.op-replace__co.cat-undefined__co.vd-range__MACCITY.tax-cycle__MACCITY.tint-nearest__MACCITY.map-conss,MACCITY,taxmode,cycle
01KXPMQEHK6WCFA17CG5BXHR0B,b70bf3bce584d107,co.op-replace__co.cat-undefined__co.vd-range__MACCITY.tax-cycle__MACCITY.tint-nearest__MACCITY.map-conss,MACCITY,tintalgo,nearest
01KXPMQEHK6WCFA17CG5BXHR0B,b70bf3bce584d107,co.op-replace__co.cat-undefined__co.vd-range__MACCITY.tax-cycle__MACCITY.tint-nearest__MACCITY.map-conss,MACCITY,mapalgo,conss
01KXPMQEHK6WCFA17CG5BXHR0B,7beeb2bbf85cf39e,co.op-replace__co.cat-undefined__co.vd-range__MACCITY.tax-cycle__MACCITY.tint-nearest__MACCITY.map-cubic,co,operation,replace
01KXPMQEHK6WCFA17CG5BXHR0B,7beeb2bbf85cf39e,co.op-replace__co.cat-undefined__co.vd-range__MACCITY.tax-cycle__MACCITY.tint-nearest__MACCITY.map-cubic,co,category,undefined
01KXPMQEHK6WCFA17CG5BXHR0B,7beeb2bbf85cf39e,co.op-replace__co.cat-undefined__co.vd-range__MACCITY.tax-cycle__MACCITY.tint-nearest__MACCITY.map-cubic,co,vdist_method,range
01KXPMQEHK6WCFA17CG5BXHR0B,7beeb2bbf85cf39e,co.op-replace__co.cat-undefined__co.vd-range__MACCITY.tax-cycle__MACCITY.tint-nearest__MACCITY.map-cubic,MACCITY,taxmode,cycle
01KXPMQEHK6WCFA17CG5BXHR0B,7beeb2bbf85cf39e,co.op-replace__co.cat-undefined__co.vd-range__MACCITY.tax-cycle__MACCITY.tint-nearest__MACCITY.map-cubic,MACCITY,tintalgo,nearest
01KXPMQEHK6WCFA17CG5BXHR0B,7beeb2bbf85cf39e,co.op-replace__co.cat-undefined__co.vd-range__MACCITY.tax-cycle__MACCITY.tint-nearest__MACCITY.map-cubic,MACCITY,mapalgo,cubic
01KXPMQEHK6WCFA17CG5BXHR0B,021017537d825e21,co.op-replace__co.cat-undefined__co.vd-range__MACCITY.tax-cycle__MACCITY.tint-nearest__MACCITY.map-nn,co,operation,replace
01KXPMQEHK6WCFA17CG5BXHR0B,021017537d825e21,co.op-replace__co.cat-undefined__co.vd-range__MACCITY.tax-cycle__MACCITY.tint-nearest__MACCITY.map-nn,co,category,undefined
01KXPMQEHK6WCFA17CG5BXHR0B,021017537d825e21,co.op-replace__co.cat-undefined__co.vd-range__MACCITY.tax-cycle__MACCITY.tint-nearest__MACCITY.map-nn,co,vdist_method,range
01KXPMQEHK6WCFA17CG5BXHR0B,021017537d825e21,co.op-replace__co.cat-undefined__co.vd-range__MACCITY.tax-cycle__MACCITY.tint-nearest__MACCITY.map-nn,MACCITY,taxmode,cycle
01KXPMQEHK6WCFA17CG5BXHR0B,021017537d825e21,co.op-replace__co.cat-undefined__co.vd-range__MACCITY.tax-cycle__MACCITY.tint-nearest__MACCITY.map-nn,MACCITY,tintalgo,nearest
01KXPMQEHK6WCFA17CG5BXHR0B,021017537d825e21,co.op-replace__co.cat-undefined__co.vd-range__MACCITY.tax-cycle__MACCITY.tint-nearest__MACCITY.map-nn,MACCITY,mapalgo,nn
01KXPMQEHK6WCFA17CG5BXHR0B,7e3aca6339808f20,co.op-replace__co.cat-undefined__co.vd-range__MACCITY.tax-cycle__MACCITY.tint-nearest__MACCITY.map-passthrough,co,operation,replace
01KXPMQEHK6WCFA17CG5BXHR0B,7e3aca6339808f20,co.op-replace__co.cat-undefined__co.vd-range__MACCITY.tax-cycle__MACCITY.tint-nearest__MACCITY.map-passthrough,co,category,undefined
01KXPMQEHK6WCFA17CG5BXHR0B,7e3aca6339808f20,co.op-replace__co.cat-undefined__co.vd-range__MACCITY.tax-cycle__MACCITY.tint-nearest__MACCITY.map-passthrough,co,vdist_method,range
01KXPMQEHK6WCFA17CG5BXHR0B,7e3aca6339808f20,co.op-replace__co.cat-undefined__co.vd-range__MACCITY.tax-cycle__MACCITY.tint-nearest__MACCITY.map-passthrough,MACCITY,taxmode,cycle
01KXPMQEHK6WCFA17CG5BXHR0B,7e3aca6339808f20,co.op-replace__co.cat-undefined__co.vd-range__MACCITY.tax-cycle__MACCITY.tint-nearest__MACCITY.map-passthrough,MACCITY,tintalgo,nearest
01KXPMQEHK6WCFA17CG5BXHR0B,7e3aca6339808f20,co.op-replace__co.cat-undefined__co.vd-range__MACCITY.tax-cycle__MACCITY.tint-nearest__MACCITY.map-passthrough,MACCITY,mapalgo,passthrough
01KXPMQEHK6WCFA17CG5BXHR0B,17a4566cf313633b,co.op-replace__co.cat-undefined__co.vd-range__MACCITY.tax-extend__MACCITY.tint-linear__MACCITY.map-bilinear,co,operation,replace
01KXPMQEHK6WCFA17CG5BXHR0B,17a4566cf313633b,co.op-replace__co.cat-undefined__co.vd-range__MACCITY.tax-extend__MACCITY.tint-linear__MACCITY.map-bilinear,co,category,undefined
01KXPMQEHK6WCFA17CG5BXHR0B,17a4566cf313633b,co.op-replace__co.cat-undefined__co.vd-range__MACCITY.tax-extend__MACCITY.tint-linear__MACCITY.map-bilinear,co,vdist_method,range
01KXPMQEHK6WCFA17CG5BXHR0B,17a4566cf313633b,co.op-replace__co.cat-undefined__co.vd-range__MACCITY.tax-extend__MACCITY.tint-linear__MACCITY.map-bilinear,MACCITY,taxmode,extend
01KXPMQEHK6WCFA17CG5BXHR0B,17a4566cf313633b,co.op-replace__co.cat-undefined__co.vd-range__MACCITY.tax-extend__MACCITY.tint-linear__MACCITY.map-bilinear,MACCITY,tintalgo,linear
01KXPMQEHK6WCFA17CG5BXHR0B,17a4566cf313633b,co.op-replace__co.cat-undefined__co.vd-range__MACCITY.tax-extend__MACCITY.tint-linear__MACCITY.map-bilinear,MACCITY,mapalgo,bilinear
01KXPMQEHK6WCFA17CG5BXHR0B,80f715136da41b48,co.op-replace__co.cat-undefined__co.vd-range__MACCITY.tax-extend__MACCITY.tint-linear__MACCITY.map-consd,co,operation,replace
01KXPMQEHK6WCFA17CG5BXHR0B,80f715136da41b48,co.op-replace__co.cat-undefined__co.vd-range__MACCITY.tax-extend__MACCITY.tint-linear__MACCITY.map-consd,co,category,undefined
01KXPMQEHK6WCFA17CG5BXHR0B,80f715136da41b48,co.op-replace__co.cat-undefined__co.vd-range__MACCITY.tax-extend__MACCITY.tint-linear__MACCITY.map-consd,co,vdist_method,range
01KXPMQEHK6WCFA17CG5BXHR0B,80f715136da41b48,co.op-replace__co.cat-undefined__co.vd-range__MACCITY.tax-extend__MACCITY.tint-linear__MACCITY.map-consd,MACCITY,taxmode,extend
01KXPMQEHK6WCFA17CG5BXHR0B,80f715136da41b48,co.op-replace__co.cat-undefined__co.vd-range__MACCITY.tax-extend__MACCITY.tint-linear__MACCITY.map-consd,MACCITY,tintalgo,linear
01KXPMQEHK6WCFA17CG5BXHR0B,80f715136da41b48,co.op-replace__co.cat-undefined__co.vd-range__MACCITY.tax-extend__MACCITY.tint-linear__MACCITY.map-consd,MACCITY,mapalgo,consd
01KXPMQEHK6WCFA17CG5BXHR0B,b40a9b5fe73c81a4,co.op-replace__co.cat-undefined__co.vd-range__MACCITY.tax-extend__MACCITY.tint-linear__MACCITY.map-conss,co,operation,replace
01KXPMQEHK6WCFA17CG5BXHR0B,b40a9b5fe73c81a4,co.op-replace__co.cat-undefined__co.vd-range__MACCITY.tax-extend__MACCITY.tint-linear__MACCITY.map-conss,co,category,undefined
01KXPMQEHK6WCFA17CG5BXHR0B,b40a9b5fe73c81a4,co.op-replace__co.cat-undefined__co.vd-range__MACCITY.tax-extend__MACCITY.tint-linear__MACCITY.map-conss,co,vdist_method,range
01KXPMQEHK6WCFA17CG5BXHR0B,b40a9b5fe73c81a4,co.op-replace__co.cat-undefined__co.vd-range__MACCITY.tax-extend__MACCITY.tint-linear__MACCITY.map-conss,MACCITY,taxmode,extend
01KXPMQEHK6WCFA17CG5BXHR0B,b40a9b5fe73c81a4,co.op-replace__co.cat-undefined__co.vd-range__MACCITY.tax-extend__MACCITY.tint-linear__MACCITY.map-conss,MACCITY,tintalgo,linear
01KXPMQEHK6WCFA17CG5BXHR0B,b40a9b5fe73c81a4,co.op-replace__co.cat-undefined__co.vd-range__MACCITY.tax-extend__MACCITY.tint-linear__MACCITY.map-conss,MACCITY,mapalgo,conss
01KXPMQEHK6WCFA17CG5BXHR0B,e2b800965bb0da1c,co.op-replace__co.cat-undefined__co.vd-range__MACCITY.tax-extend__MACCITY.tint-linear__MACCITY.map-cubic,co,operation,replace
01KXPMQEHK6WCFA17CG5BXHR0B,e2b800965bb0da1c,co.op-replace__co.cat-undefined__co.vd-range__MACCITY.tax-extend__MACCITY.tint-linear__MACCITY.map-cubic,co,category,undefined
01KXPMQEHK6WCFA17CG5BXHR0B,e2b800965bb0da1c,co.op-replace__co.cat-undefined__co.vd-range__MACCITY.tax-extend__MACCITY.tint-linear__MACCITY.map-cubic,co,vdist_method,range
01KXPMQEHK6WCFA17CG5BXHR0B,e2b800965bb0da1c,co.op-replace__co.cat-undefined__co.vd-range__MACCITY.tax-extend__MACCITY.tint-linear__MACCITY.map-cubic,MACCITY,taxmode,extend
01KXPMQEHK6WCFA17CG5BXHR0B,e2b800965bb0da1c,co.op-replace__co.cat-undefined__co.vd-range__MACCITY.tax-extend__MACCITY.tint-linear__MACCITY.map-cubic,MACCITY,tintalgo,linear
01KXPMQEHK6WCFA17CG5BXHR0B,e2b800965bb0da1c,co.op-replace__co.cat-undefined__co.vd-range__MACCITY.tax-extend__MACCITY.tint-linear__MACCITY.map-cubic,MACCITY,mapalgo,cubic
01KXPMQEHK6WCFA17CG5BXHR0B,868b05cf986f39e2,co.op-replace__co.cat-undefined__co.vd-range__MACCITY.tax-extend__MACCITY.tint-linear__MACCITY.map-nn,co,operation,replace
01KXPMQEHK6WCFA17CG5BXHR0B,868b05cf986f39e2,co.op-replace__co.cat-undefined__co.vd-range__MACCITY.tax-extend__MACCITY.tint-linear__MACCITY.map-nn,co,category,undefined
01KXPMQEHK6WCFA17CG5BXHR0B,868b05cf986f39e2,co.op-replace__co.cat-undefined__co.vd-range__MACCITY.tax-extend__MACCITY.tint-linear__MACCITY.map-nn,co,vdist_method,range
01KXPMQEHK6WCFA17CG5BXHR0B,868b05cf986f39e2,co.op-replace__co.cat-undefined__co.vd-range__MACCITY.tax-extend__MACCITY.tint-linear__MACCITY.map-nn,MACCITY,taxmode,extend
01KXPMQEHK6WCFA17CG5BXHR0B,868b05cf986f39e2,co.op-replace__co.cat-undefined__co.vd-range__MACCITY.tax-extend__MACCITY.tint-linear__MACCITY.map-nn,MACCITY,tintalgo,linear
01KXPMQEHK6WCFA17CG5BXHR0B,868b05cf986f39e2,co.op-replace__co.cat-undefined__co.vd-range__MACCITY.tax-extend__MACCITY.tint-linear__MACCITY.map-nn,MACCITY,mapalgo,nn
01KXPMQEHK6WCFA17CG5BXHR0B,240f31fb7f43d357,co.op-replace__co.cat-undefined__co.vd-range__MACCITY.tax-extend__MACCITY.tint-linear__MACCITY.map-passthrough,co,operation,replace
01KXPMQEHK6WCFA17CG5BXHR0B,240f31fb7f43d357,co.op-replace__co.cat-undefined__co.vd-range__MACCITY.tax-extend__MACCITY.tint-linear__MACCITY.map-passthrough,co,category,undefined
01KXPMQEHK6WCFA17CG5BXHR0B,240f31fb7f43d357,co.op-replace__co.cat-undefined__co.vd-range__MACCITY.tax-extend__MACCITY.tint-linear__MACCITY.map-passthrough,co,vdist_method,range
01KXPMQEHK6WCFA17CG5BXHR0B,240f31fb7f43d357,co.op-replace__co.cat-undefined__co.vd-range__MACCITY.tax-extend__MACCITY.tint-linear__MACCITY.map-passthrough,MACCITY,taxmode,extend
01KXPMQEHK6WCFA17CG5BXHR0B,240f31fb7f43d357,co.op-replace__co.cat-undefined__co.vd-range__MACCITY.tax-extend__MACCITY.tint-linear__MACCITY.map-passthrough,MACCITY,tintalgo,linear
01KXPMQEHK6WCFA17CG5BXHR0B,240f31fb7f43d357,co.op-replace__co.cat-undefined__co.vd-range__MACCITY.tax-extend__MACCITY.tint-linear__MACCITY.map-passthrough,MACCITY,mapalgo,passthrough
01KXPMQEHK6WCFA17CG5BXHR0B,70d75af06d800988,co.op-replace__co.cat-undefined__co.vd-range__MACCITY.tax-extend__MACCITY.tint-nearest__MACCITY.map-bilinear,co,operation,replace
01KXPMQEHK6WCFA17CG5BXHR0B,70d75af06d800988,co.op-replace__co.cat-undefined__co.vd-range__MACCITY.tax-extend__MACCITY.tint-nearest__MACCITY.map-bilinear,co,category,undefined
01KXPMQEHK6WCFA17CG5BXHR0B,70d75af06d800988,co.op-replace__co.cat-undefined__co.vd-range__MACCITY.tax-extend__MACCITY.tint-nearest__MACCITY.map-bilinear,co,vdist_method,range
01KXPMQEHK6WCFA17CG5BXHR0B,70d75af06d800988,co.op-replace__co.cat-undefined__co.vd-range__MACCITY.tax-extend__MACCITY.tint-nearest__MACCITY.map-bilinear,MACCITY,taxmode,extend
01KXPMQEHK6WCFA17CG5BXHR0B,70d75af06d800988,co.op-replace__co.cat-undefined__co.vd-range__MACCITY.tax-extend__MACCITY.tint-nearest__MACCITY.map-bilinear,MACCITY,tintalgo,nearest
01KXPMQEHK6WCFA17CG5BXHR0B,70d75af06d800988,co.op-replace__co.cat-undefined__co.vd-range__MACCITY.tax-extend__MACCITY.tint-nearest__MACCITY.map-bilinear,MACCITY,mapalgo,bilinear
01KXPMQEHK6WCFA17CG5BXHR0B,f5750faedbf907af,co.op-replace__co.cat-undefined__co.vd-range__MACCITY.tax-extend__MACCITY.tint-nearest__MACCITY.map-consd,co,operation,replace
01KXPMQEHK6WCFA17CG5BXHR0B,f5750faedbf907af,co.op-replace__co.cat-undefined__co.vd-range__MACCITY.tax-extend__MACCITY.tint-nearest__MACCITY.map-consd,co,category,undefined
01KXPMQEHK6WCFA17CG5BXHR0B,f5750faedbf907af,co.op-replace__co.cat-undefined__co.vd-range__MACCITY.tax-extend__MACCITY.tint-nearest__MACCITY.map-consd,co,vdist_method,range
01KXPMQEHK6WCFA17CG5BXHR0B,f5750faedbf907af,co.op-replace__co.cat-undefined__co.vd-range__MACCITY.tax-extend__MACCITY.tint-nearest__MACCITY.map-consd,MACCITY,taxmode,extend
01KXPMQEHK6WCFA17CG5BXHR0B,f5750faedbf907af,co.op-replace__co.cat-undefined__co.vd-range__MACCITY.tax-extend__MACCITY.tint-nearest__MACCITY.map-consd,MACCITY,tintalgo,nearest
01KXPMQEHK6WCFA17CG5BXHR0B,f5750faedbf907af,co.op-replace__co.cat-undefined__co.vd-range__MACCITY.tax-extend__MACCITY.tint-nearest__MACCITY.map-consd,MACCITY,mapalgo,consd
01KXPMQEHK6WCFA17CG5BXHR0B,8bfd678fe0d0334d,co.op-replace__co.cat-undefined__co.vd-range__MACCITY.tax-extend__MACCITY.tint-nearest__MACCITY.map-conss,co,operation,replace
01KXPMQEHK6WCFA17CG5BXHR0B,8bfd678fe0d0334d,co.op-replace__co.cat-undefined__co.vd-range__MACCITY.tax-extend__MACCITY.tint-nearest__MACCITY.map-conss,co,category,undefined
01KXPMQEHK6WCFA17CG5BXHR0B,8bfd678fe0d0334d,co.op-replace__co.cat-undefined__co.vd-range__MACCITY.tax-extend__MACCITY.tint-nearest__MACCITY.map-conss,co,vdist_method,range
01KXPMQEHK6WCFA17CG5BXHR0B,8bfd678fe0d0334d,co.op-replace__co.cat-undefined__co.vd-range__MACCITY.tax-extend__MACCITY.tint-nearest__MACCITY.map-conss,MACCITY,taxmode,extend
01KXPMQEHK6WCFA17CG5BXHR0B,8bfd678fe0d0334d,co.op-replace__co.cat-undefined__co.vd-range__MACCITY.tax-extend__MACCITY.tint-nearest__MACCITY.map-conss,MACCITY,tintalgo,nearest
01KXPMQEHK6WCFA17CG5BXHR0B,8bfd678fe0d0334d,co.op-replace__co.cat-undefined__co.vd-range__MACCITY.tax-extend__MACCITY.tint-nearest__MACCITY.map-conss,MACCITY,mapalgo,conss
01KXPMQEHK6WCFA17CG5BXHR0B,dba3542eb37d9f15,co.op-replace__co.cat-undefined__co.vd-range__MACCITY.tax-extend__MACCITY.tint-nearest__MACCITY.map-cubic,co,operation,replace
01KXPMQEHK6WCFA17CG5BXHR0B,dba3542eb37d9f15,co.op-replace__co.cat-undefined__co.vd-range__MACCITY.tax-extend__MACCITY.tint-nearest__MACCITY.map-cubic,co,category,undefined
01KXPMQEHK6WCFA17CG5BXHR0B,dba3542eb37d9f15,co.op-replace__co.cat-undefined__co.vd-range__MACCITY.tax-extend__MACCITY.tint-nearest__MACCITY.map-cubic,co,vdist_method,range
01KXPMQEHK6WCFA17CG5BXHR0B,dba3542eb37d9f15,co.op-replace__co.cat-undefined__co.vd-range__MACCITY.tax-extend__MACCITY.tint-nearest__MACCITY.map-cubic,MACCITY,taxmode,extend
01KXPMQEHK6WCFA17CG5BXHR0B,dba3542eb37d9f15,co.op-replace__co.cat-undefined__co.vd-range__MACCITY.tax-extend__MACCITY.tint-nearest__MACCITY.map-cubic,MACCITY,tintalgo,nearest
01KXPMQEHK6WCFA17CG5BXHR0B,dba3542eb37d9f15,co.op-replace__co.cat-undefined__co.vd-range__MACCITY.tax-extend__MACCITY.tint-nearest__MACCITY.map-cubic,MACCITY,mapalgo,cubic
01KXPMQEHK6WCFA17CG5BXHR0B,728dafff84b7d3d2,co.op-replace__co.cat-undefined__co.vd-range__MACCITY.tax-extend__MACCITY.tint-nearest__MACCITY.map-nn,co,operation,replace
01KXPMQEHK6WCFA17CG5BXHR0B,728dafff84b7d3d2,co.op-replace__co.cat-undefined__co.vd-range__MACCITY.tax-extend__MACCITY.tint-nearest__MACCITY.map-nn,co,category,undefined
01KXPMQEHK6WCFA17CG5BXHR0B,728dafff84b7d3d2,co.op-replace__co.cat-undefined__co.vd-range__MACCITY.tax-extend__MACCITY.tint-nearest__MACCITY.map-nn,co,vdist_method,range
01KXPMQEHK6WCFA17CG5BXHR0B,728dafff84b7d3d2,co.op-replace__co.cat-undefined__co.vd-range__MACCITY.tax-extend__MACCITY.tint-nearest__MACCITY.map-nn,MACCITY,taxmode,extend
01KXPMQEHK6WCFA17CG5BXHR0B,728dafff84b7d3d2,co.op-replace__co.cat-undefined__co.vd-range__MACCITY.tax-extend__MACCITY.tint-nearest__MACCITY.map-nn,MACCITY,tintalgo,nearest
01KXPMQEHK6WCFA17CG5BXHR0B,728dafff84b7d3d2,co.op-replace__co.cat-undefined__co.vd-range__MACCITY.tax-extend__MACCITY.tint-nearest__MACCITY.map-nn,MACCITY,mapalgo,nn
01KXPMQEHK6WCFA17CG5BXHR0B,f7dddb921e687de5,co.op-replace__co.cat-undefined__co.vd-range__MACCITY.tax-extend__MACCITY.tint-nearest__MACCITY.map-passthrough,co,operation,replace
01KXPMQEHK6WCFA17CG5BXHR0B,f7dddb921e687de5,co.op-replace__co.cat-undefined__co.vd-range__MACCITY.tax-extend__MACCITY.tint-nearest__MACCITY.map-passthrough,co,category,undefined
01KXPMQEHK6WCFA17CG5BXHR0B,f7dddb921e687de5,co.op-replace__co.cat-undefined__co.vd-range__MACCITY.tax-extend__MACCITY.tint-nearest__MACCITY.map-passthrough,co,vdist_method,range
01KXPMQEHK6WCFA17CG5BXHR0B,f7dddb921e687de5,co.op-replace__co.cat-undefined__co.vd-range__MACCITY.tax-extend__MACCITY.tint-nearest__MACCITY.map-passthrough,MACCITY,taxmode,extend
01KXPMQEHK6WCFA17CG5BXHR0B,f7dddb921e687de5,co.op-replace__co.cat-undefined__co.vd-range__MACCITY.tax-extend__MACCITY.tint-nearest__MACCITY.map-passthrough,MACCITY,tintalgo,nearest
01KXPMQEHK6WCFA17CG5BXHR0B,f7dddb921e687de5,co.op-replace__co.cat-undefined__co.vd-range__MACCITY.tax-extend__MACCITY.tint-nearest__MACCITY.map-passthrough,MACCITY,mapalgo,passthrough
01KXPMQEHK6WCFA17CG5BXHR0B,ef5c0b2f607aff08,co.op-replace__co.cat-undefined__co.vd-single__MACCITY.tax-cycle__MACCITY.tint-linear__MACCITY.map-bilinear,co,operation,replace
01KXPMQEHK6WCFA17CG5BXHR0B,ef5c0b2f607aff08,co.op-replace__co.cat-undefined__co.vd-single__MACCITY.tax-cycle__MACCITY.tint-linear__MACCITY.map-bilinear,co,category,undefined
01KXPMQEHK6WCFA17CG5BXHR0B,ef5c0b2f607aff08,co.op-replace__co.cat-undefined__co.vd-single__MACCITY.tax-cycle__MACCITY.tint-linear__MACCITY.map-bilinear,co,vdist_method,single
01KXPMQEHK6WCFA17CG5BXHR0B,ef5c0b2f607aff08,co.op-replace__co.cat-undefined__co.vd-single__MACCITY.tax-cycle__MACCITY.tint-linear__MACCITY.map-bilinear,MACCITY,taxmode,cycle
01KXPMQEHK6WCFA17CG5BXHR0B,ef5c0b2f607aff08,co.op-replace__co.cat-undefined__co.vd-single__MACCITY.tax-cycle__MACCITY.tint-linear__MACCITY.map-bilinear,MACCITY,tintalgo,linear
01KXPMQEHK6WCFA17CG5BXHR0B,ef5c0b2f607aff08,co.op-replace__co.cat-undefined__co.vd-single__MACCITY.tax-cycle__MACCITY.tint-linear__MACCITY.map-bilinear,MACCITY,mapalgo,bilinear
01KXPMQEHK6WCFA17CG5BXHR0B,01f203b92b7ad7ec,co.op-replace__co.cat-undefined__co.vd-single__MACCITY.tax-cycle__MACCITY.tint-linear__MACCITY.map-consd,co,operation,replace
01KXPMQEHK6WCFA17CG5BXHR0B,01f203b92b7ad7ec,co.op-replace__co.cat-undefined__co.vd-single__MACCITY.tax-cycle__MACCITY.tint-linear__MACCITY.map-consd,co,category,undefined
01KXPMQEHK6WCFA17CG5BXHR0B,01f203b92b7ad7ec,co.op-replace__co.cat-undefined__co.vd-single__MACCITY.tax-cycle__MACCITY.tint-linear__MACCITY.map-consd,co,vdist_method,single
01KXPMQEHK6WCFA17CG5BXHR0B,01f203b92b7ad7ec,co.op-replace__co.cat-undefined__co.vd-single__MACCITY.tax-cycle__MACCITY.tint-linear__MACCITY.map-consd,MACCITY,taxmode,cycle
01KXPMQEHK6WCFA17CG5BXHR0B,01f203b92b7ad7ec,co.op-replace__co.cat-undefined__co.vd-single__MACCITY.tax-cycle__MACCITY.tint-linear__MACCITY.map-consd,MACCITY,tintalgo,linear
01KXPMQEHK6WCFA17CG5BXHR0B,01f203b92b7ad7ec,co.op-replace__co.cat-undefined__co.vd-single__MACCITY.tax-cycle__MACCITY.tint-linear__MACCITY.map-consd,MACCITY,mapalgo,consd
01KXPMQEHK6WCFA17CG5BXHR0B,cca0d88fed643616,co.op-replace__co.cat-undefined__co.vd-single__MACCITY.tax-cycle__MACCITY.tint-linear__MACCITY.map-conss,co,operation,replace
01KXPMQEHK6WCFA17CG5BXHR0B,cca0d88fed643616,co.op-replace__co.cat-undefined__co.vd-single__MACCITY.tax-cycle__MACCITY.tint-linear__MACCITY.map-conss,co,category,undefined
01KXPMQEHK6WCFA17CG5BXHR0B,cca0d88fed643616,co.op-replace__co.cat-undefined__co.vd-single__MACCITY.tax-cycle__MACCITY.tint-linear__MACCITY.map-conss,co,vdist_method,single
01KXPMQEHK6WCFA17CG5BXHR0B,cca0d88fed643616,co.op-replace__co.cat-undefined__co.vd-single__MACCITY.tax-cycle__MACCITY.tint-linear__MACCITY.map-conss,MACCITY,taxmode,cycle
01KXPMQEHK6WCFA17CG5BXHR0B,cca0d88fed643616,co.op-replace__co.cat-undefined__co.vd-single__MACCITY.tax-cycle__MACCITY.tint-linear__MACCITY.map-conss,MACCITY,tintalgo,linear
01KXPMQEHK6WCFA17CG5BXHR0B,cca0d88fed643616,co.op-replace__co.cat-undefined__co.vd-single__MACCITY.tax-cycle__MACCITY.tint-linear__MACCITY.map-conss,MACCITY,mapalgo,conss
01KXPMQEHK6WCFA17CG5BXHR0B,823f0ae9b437302a,co.op-replace__co.cat-undefined__co.vd-single__MACCITY.tax-cycle__MACCITY.tint-linear__MACCITY.map-cubic,co,operation,replace
01KXPMQEHK6WCFA17CG5BXHR0B,823f0ae9b437302a,co.op-replace__co.cat-undefined__co.vd-single__MACCITY.tax-cycle__MACCITY.tint-linear__MACCITY.map-cubic,co,category,undefined
01KXPMQEHK6WCFA17CG5BXHR0B,823f0ae9b437302a,co.op-replace__co.cat-undefined__co.vd-single__MACCITY.tax-cycle__MACCITY.tint-linear__MACCITY.map-cubic,co,vdist_method,single
01KXPMQEHK6WCFA17CG5BXHR0B,823f0ae9b437302a,co.op-replace__co.cat-undefined__co.vd-single__MACCITY.tax-cycle__MACCITY.tint-linear__MACCITY.map-cubic,MACCITY,taxmode,cycle
01KXPMQEHK6WCFA17CG5BXHR0B,823f0ae9b437302a,co.op-replace__co.cat-undefined__co.vd-single__MACCITY.tax-cycle__MACCITY.tint-linear__MACCITY.map-cubic,MACCITY,tintalgo,linear
01KXPMQEHK6WCFA17CG5BXHR0B,823f0ae9b437302a,co.op-replace__co.cat-undefined__co.vd-single__MACCITY.tax-cycle__MACCITY.tint-linear__MACCITY.map-cubic,MACCITY,mapalgo,cubic
01KXPMQEHK6WCFA17CG5BXHR0B,2be6985c68270266,co.op-replace__co.cat-undefined__co.vd-single__MACCITY.tax-cycle__MACCITY.tint-linear__MACCITY.map-nn,co,operation,replace
01KXPMQEHK6WCFA17CG5BXHR0B,2be6985c68270266,co.op-replace__co.cat-undefined__co.vd-single__MACCITY.tax-cycle__MACCITY.tint-linear__MACCITY.map-nn,co,category,undefined
01KXPMQEHK6WCFA17CG5BXHR0B,2be6985c68270266,co.op-replace__co.cat-undefined__co.vd-single__MACCITY.tax-cycle__MACCITY.tint-linear__MACCITY.map-nn,co,vdist_method,single
01KXPMQEHK6WCFA17CG5BXHR0B,2be6985c68270266,co.op-replace__co.cat-undefined__co.vd-single__MACCITY.tax-cycle__MACCITY.tint-linear__MACCITY.map-nn,MACCITY,taxmode,cycle
01KXPMQEHK6WCFA17CG5BXHR0B,2be6985c68270266,co.op-replace__co.cat-undefined__co.vd-single__MACCITY.tax-cycle__MACCITY.tint-linear__MACCITY.map-nn,MACCITY,tintalgo,linear
01KXPMQEHK6WCFA17CG5BXHR0B,2be6985c68270266,co.op-replace__co.cat-undefined__co.vd-single__MACCITY.tax-cycle__MACCITY.tint-linear__MACCITY.map-nn,MACCITY,mapalgo,nn
01KXPMQEHK6WCFA17CG5BXHR0B,bde8bf35bbc969f9,co.op-replace__co.cat-undefined__co.vd-single__MACCITY.tax-cycle__MACCITY.tint-linear__MACCITY.map-passthrough,co,operation,replace
01KXPMQEHK6WCFA17CG5BXHR0B,bde8bf35bbc969f9,co.op-replace__co.cat-undefined__co.vd-single__MACCITY.tax-cycle__MACCITY.tint-linear__MACCITY.map-passthrough,co,category,undefined
01KXPMQEHK6WCFA17CG5BXHR0B,bde8bf35bbc969f9,co.op-replace__co.cat-undefined__co.vd-single__MACCITY.tax-cycle__MACCITY.tint-linear__MACCITY.map-passthrough,co,vdist_method,single
01KXPMQEHK6WCFA17CG5BXHR0B,bde8bf35bbc969f9,co.op-replace__co.cat-undefined__co.vd-single__MACCITY.tax-cycle__MACCITY.tint-linear__MACCITY.map-passthrough,MACCITY,taxmode,cycle
01KXPMQEHK6WCFA17CG5BXHR0B,bde8bf35bbc969f9,co.op-replace__co.cat-undefined__co.vd-single__MACCITY.tax-cycle__MACCITY.tint-linear__MACCITY.map-passthrough,MACCITY,tintalgo,linear
01KXPMQEHK6WCFA17CG5BXHR0B,bde8bf35bbc969f9,co.op-replace__co.cat-undefined__co.vd-single__MACCITY.tax-cycle__MACCITY.tint-linear__MACCITY.map-passthrough,MACCITY,mapalgo,passthrough
01KXPMQEHK6WCFA17CG5BXHR0B,f2bd62895a7b2826,co.op-replace__co.cat-undefined__co.vd-single__MACCITY.tax-cycle__MACCITY.tint-nearest__MACCITY.map-bilinear,co,operation,replace
01KXPMQEHK6WCFA17CG5BXHR0B,f2bd62895a7b2826,co.op-replace__co.cat-undefined__co.vd-single__MACCITY.tax-cycle__MACCITY.tint-nearest__MACCITY.map-bilinear,co,category,undefined
01KXPMQEHK6WCFA17CG5BXHR0B,f2bd62895a7b2826,co.op-replace__co.cat-undefined__co.vd-single__MACCITY.tax-cycle__MACCITY.tint-nearest__MACCITY.map-bilinear,co,vdist_method,single
01KXPMQEHK6WCFA17CG5BXHR0B,f2bd62895a7b2826,co.op-replace__co.cat-undefined__co.vd-single__MACCITY.tax-cycle__MACCITY.tint-nearest__MACCITY.map-bilinear,MACCITY,taxmode,cycle
01KXPMQEHK6WCFA17CG5BXHR0B,f2bd62895a7b2826,co.op-replace__co.cat-undefined__co.vd-single__MACCITY.tax-cycle__MACCITY.tint-nearest__MACCITY.map-bilinear,MACCITY,tintalgo,nearest
01KXPMQEHK6WCFA17CG5BXHR0B,f2bd62895a7b2826,co.op-replace__co.cat-undefined__co.vd-single__MACCITY.tax-cycle__MACCITY.tint-nearest__MACCITY.map-bilinear,MACCITY,mapalgo,bilinear
01KXPMQEHK6WCFA17CG5BXHR0B,a5e14432ffb7fded,co.op-replace__co.cat-undefined__co.vd-single__MACCITY.tax-cycle__MACCITY.tint-nearest__MACCITY.map-consd,co,operation,replace
01KXPMQEHK6WCFA17CG5BXHR0B,a5e14432ffb7fded,co.op-replace__co.cat-undefined__co.vd-single__MACCITY.tax-cycle__MACCITY.tint-nearest__MACCITY.map-consd,co,category,undefined
01KXPMQEHK6WCFA17CG5BXHR0B,a5e14432ffb7fded,co.op-replace__co.cat-undefined__co.vd-single__MACCITY.tax-cycle__MACCITY.tint-nearest__MACCITY.map-consd,co,vdist_method,single
01KXPMQEHK6WCFA17CG5BXHR0B,a5e14432ffb7fded,co.op-replace__co.cat-undefined__co.vd-single__MACCITY.tax-cycle__MACCITY.tint-nearest__MACCITY.map-consd,MACCITY,taxmode,cycle
01KXPMQEHK6WCFA17CG5BXHR0B,a5e14432ffb7fded,co.op-replace__co.cat-undefined__co.vd-single__MACCITY.tax-cycle__MACCITY.tint-nearest__MACCITY.map-consd,MACCITY,tintalgo,nearest
01KXPMQEHK6WCFA17CG5BXHR0B,a5e14432ffb7fded,co.op-replace__co.cat-undefined__co.vd-single__MACCITY.tax-cycle__MACCITY.tint-nearest__MACCITY.map-consd,MACCITY,mapalgo,consd
01KXPMQEHK6WCFA17CG5BXHR0B,b7eb71ed4e602827,co.op-replace__co.cat-undefined__co.vd-single__MACCITY.tax-cycle__MACCITY.tint-nearest__MACCITY.map-conss,co,operation,replace
01KXPMQEHK6WCFA17CG5BXHR0B,b7eb71ed4e602827,co.op-replace__co.cat-undefined__co.vd-single__MACCITY.tax-cycle__MACCITY.tint-nearest__MACCITY.map-conss,co,category,undefined
01KXPMQEHK6WCFA17CG5BXHR0B,b7eb71ed4e602827,co.op-replace__co.cat-undefined__co.vd-single__MACCITY.tax-cycle__MACCITY.tint-nearest__MACCITY.map-conss,co,vdist_method,single
01KXPMQEHK6WCFA17CG5BXHR0B,b7eb71ed4e602827,co.op-replace__co.cat-undefined__co.vd-single__MACCITY.tax-cycle__MACCITY.tint-nearest__MACCITY.map-conss,MACCITY,taxmode,cycle
01KXPMQEHK6WCFA17CG5BXHR0B,b7eb71ed4e602827,co.op-replace__co.cat-undefined__co.vd-single__MACCITY.tax-cycle__MACCITY.tint-nearest__MACCITY.map-conss,MACCITY,tintalgo,nearest
01KXPMQEHK6WCFA17CG5BXHR0B,b7eb71ed4e602827,co.op-replace__co.cat-undefined__co.vd-single__MACCITY.tax-cycle__MACCITY.tint-nearest__MACCITY.map-conss,MACCITY,mapalgo,conss
01KXPMQEHK6WCFA17CG5BXHR0B,b59a313ae2dc4de1,co.op-replace__co.cat-undefined__co.vd-single__MACCITY.tax-cycle__MACCITY.tint-nearest__MACCITY.map-cubic,co,operation,replace
01KXPMQEHK6WCFA17CG5BXHR0B,b59a313ae2dc4de1,co.op-replace__co.cat-undefined__co.vd-single__MACCITY.tax-cycle__MACCITY.tint-nearest__MACCITY.map-cubic,co,category,undefined
01KXPMQEHK6WCFA17CG5BXHR0B,b59a313ae2dc4de1,co.op-replace__co.cat-undefined__co.vd-single__MACCITY.tax-cycle__MACCITY.tint-nearest__MACCITY.map-cubic,co,vdist_method,single
01KXPMQEHK6WCFA17CG5BXHR0B,b59a313ae2dc4de1,co.op-replace__co.cat-undefined__co.vd-single__MACCITY.tax-cycle__MACCITY.tint-nearest__MACCITY.map-cubic,MACCITY,taxmode,cycle
01KXPMQEHK6WCFA17CG5BXHR0B,b59a313ae2dc4de1,co.op-replace__co.cat-undefined__co.vd-single__MACCITY.tax-cycle__MACCITY.tint-nearest__MACCITY.map-cubic,MACCITY,tintalgo,nearest
01KXPMQEHK6WCFA17CG5BXHR0B,b59a313ae2dc4de1,co.op-replace__co.cat-undefined__co.vd-single__MACCITY.tax-cycle__MACCITY.tint-nearest__MACCITY.map-cubic,MACCITY,mapalgo,cubic
01KXPMQEHK6WCFA17CG5BXHR0B,639da6a17fa308ec,co.op-replace__co.cat-undefined__co.vd-single__MACCITY.tax-cycle__MACCITY.tint-nearest__MACCITY.map-nn,co,operation,replace
01KXPMQEHK6WCFA17CG5BXHR0B,639da6a17fa308ec,co.op-replace__co.cat-undefined__co.vd-single__MACCITY.tax-cycle__MACCITY.tint-nearest__MACCITY.map-nn,co,category,undefined
01KXPMQEHK6WCFA17CG5BXHR0B,639da6a17fa308ec,co.op-replace__co.cat-undefined__co.vd-single__MACCITY.tax-cycle__MACCITY.tint-nearest__MACCITY.map-nn,co,vdist_method,single
01KXPMQEHK6WCFA17CG5BXHR0B,639da6a17fa308ec,co.op-replace__co.cat-undefined__co.vd-single__MACCITY.tax-cycle__MACCITY.tint-nearest__MACCITY.map-nn,MACCITY,taxmode,cycle
01KXPMQEHK6WCFA17CG5BXHR0B,639da6a17fa308ec,co.op-replace__co.cat-undefined__co.vd-single__MACCITY.tax-cycle__MACCITY.tint-nearest__MACCITY.map-nn,MACCITY,tintalgo,nearest
01KXPMQEHK6WCFA17CG5BXHR0B,639da6a17fa308ec,co.op-replace__co.cat-undefined__co.vd-single__MACCITY.tax-cycle__MACCITY.tint-nearest__MACCITY.map-nn,MACCITY,mapalgo,nn
01KXPMQEHK6WCFA17CG5BXHR0B,c0ed2cfaa194d021,co.op-replace__co.cat-undefined__co.vd-single__MACCITY.tax-cycle__MACCITY.tint-nearest__MACCITY.map-passthrough,co,operation,replace
01KXPMQEHK6WCFA17CG5BXHR0B,c0ed2cfaa194d021,co.op-replace__co.cat-undefined__co.vd-single__MACCITY.tax-cycle__MACCITY.tint-nearest__MACCITY.map-passthrough,co,category,undefined
01KXPMQEHK6WCFA17CG5BXHR0B,c0ed2cfaa194d021,co.op-replace__co.cat-undefined__co.vd-single__MACCITY.tax-cycle__MACCITY.tint-nearest__MACCITY.map-passthrough,co,vdist_method,single
01KXPMQEHK6WCFA17CG5BXHR0B,c0ed2cfaa194d021,co.op-replace__co.cat-undefined__co.vd-single__MACCITY.tax-cycle__MACCITY.tint-nearest__MACCITY.map-passthrough,MACCITY,taxmode,cycle
01KXPMQEHK6WCFA17CG5BXHR0B,c0ed2cfaa194d021,co.op-replace__co.cat-undefined__co.vd-single__MACCITY.tax-cycle__MACCITY.tint-nearest__MACCITY.map-passthrough,MACCITY,tintalgo,nearest
01KXPMQEHK6WCFA17CG5BXHR0B,c0ed2cfaa194d021,co.op-replace__co.cat-undefined__co.vd-single__MACCITY.tax-cycle__MACCITY.tint-nearest__MACCITY.map-passthrough,MACCITY,mapalgo,passthrough
01KXPMQEHK6WCFA17CG5BXHR0B,b733e1de86fb0b12,co.op-replace__co.cat-undefined__co.vd-single__MACCITY.tax-extend__MACCITY.tint-linear__MACCITY.map-bilinear,co,operation,replace
01KXPMQEHK6WCFA17CG5BXHR0B,b733e1de86fb0b12,co.op-replace__co.cat-undefined__co.vd-single__MACCITY.tax-extend__MACCITY.tint-linear__MACCITY.map-bilinear,co,category,undefined
01KXPMQEHK6WCFA17CG5BXHR0B,b733e1de86fb0b12,co.op-replace__co.cat-undefined__co.vd-single__MACCITY.tax-extend__MACCITY.tint-linear__MACCITY.map-bilinear,co,vdist_method,single
01KXPMQEHK6WCFA17CG5BXHR0B,b733e1de86fb0b12,co.op-replace__co.cat-undefined__co.vd-single__MACCITY.tax-extend__MACCITY.tint-linear__MACCITY.map-bilinear,MACCITY,taxmode,extend
01KXPMQEHK6WCFA17CG5BXHR0B,b733e1de86fb0b12,co.op-replace__co.cat-undefined__co.vd-single__MACCITY.tax-extend__MACCITY.tint-linear__MACCITY.map-bilinear,MACCITY,tintalgo,linear
01KXPMQEHK6WCFA17CG5BXHR0B,b733e1de86fb0b12,co.op-replace__co.cat-undefined__co.vd-single__MACCITY.tax-extend__MACCITY.tint-linear__MACCITY.map-bilinear,MACCITY,mapalgo,bilinear
01KXPMQEHK6WCFA17CG5BXHR0B,28f14a629ebd9f42,co.op-replace__co.cat-undefined__co.vd-single__MACCITY.tax-extend__MACCITY.tint-linear__MACCITY.map-consd,co,operation,replace
01KXPMQEHK6WCFA17CG5BXHR0B,28f14a629ebd9f42,co.op-replace__co.cat-undefined__co.vd-single__MACCITY.tax-extend__MACCITY.tint-linear__MACCITY.map-consd,co,category,undefined
01KXPMQEHK6WCFA17CG5BXHR0B,28f14a629ebd9f42,co.op-replace__co.cat-undefined__co.vd-single__MACCITY.tax-extend__MACCITY.tint-linear__MACCITY.map-consd,co,vdist_method,single
01KXPMQEHK6WCFA17CG5BXHR0B,28f14a629ebd9f42,co.op-replace__co.cat-undefined__co.vd-single__MACCITY.tax-extend__MACCITY.tint-linear__MACCITY.map-consd,MACCITY,taxmode,extend
01KXPMQEHK6WCFA17CG5BXHR0B,28f14a629ebd9f42,co.op-replace__co.cat-undefined__co.vd-single__MACCITY.tax-extend__MACCITY.tint-linear__MACCITY.map-consd,MACCITY,tintalgo,linear
01KXPMQEHK6WCFA17CG5BXHR0B,28f14a629ebd9f42,co.op-replace__co.cat-undefined__co.vd-single__MACCITY.tax-extend__MACCITY.tint-linear__MACCITY.map-consd,MACCITY,mapalgo,consd
01KXPMQEHK6WCFA17CG5BXHR0B,8aaae294279c1f52,co.op-replace__co.cat-undefined__co.vd-single__MACCITY.tax-extend__MACCITY.tint-linear__MACCITY.map-conss,co,operation,replace
01KXPMQEHK6WCFA17CG5BXHR0B,8aaae294279c1f52,co.op-replace__co.cat-undefined__co.vd-single__MACCITY.tax-extend__MACCITY.tint-linear__MACCITY.map-conss,co,category,undefined
01KXPMQEHK6WCFA17CG5BXHR0B,8aaae294279c1f52,co.op-replace__co.cat-undefined__co.vd-single__MACCITY.tax-extend__MACCITY.tint-linear__MACCITY.map-conss,co,vdist_method,single
01KXPMQEHK6WCFA17CG5BXHR0B,8aaae294279c1f52,co.op-replace__co.cat-undefined__co.vd-single__MACCITY.tax-extend__MACCITY.tint-linear__MACCITY.map-conss,MACCITY,taxmode,extend
01KXPMQEHK6WCFA17CG5BXHR0B,8aaae294279c1f52,co.op-replace__co.cat-undefined__co.vd-single__MACCITY.tax-extend__MACCITY.tint-linear__MACCITY.map-conss,MACCITY,tintalgo,linear
01KXPMQEHK6WCFA17CG5BXHR0B,8aaae294279c1f52,co.op-replace__co.cat-undefined__co.vd-single__MACCITY.tax-extend__MACCITY.tint-linear__MACCITY.map-conss,MACCITY,mapalgo,conss
01KXPMQEHK6WCFA17CG5BXHR0B,6851037a9ead51a2,co.op-replace__co.cat-undefined__co.vd-single__MACCITY.tax-extend__MACCITY.tint-linear__MACCITY.map-cubic,co,operation,replace
01KXPMQEHK6WCFA17CG5BXHR0B,6851037a9ead51a2,co.op-replace__co.cat-undefined__co.vd-single__MACCITY.tax-extend__MACCITY.tint-linear__MACCITY.map-cubic,co,category,undefined
01KXPMQEHK6WCFA17CG5BXHR0B,6851037a9ead51a2,co.op-replace__co.cat-undefined__co.vd-single__MACCITY.tax-extend__MACCITY.tint-linear__MACCITY.map-cubic,co,vdist_method,single
01KXPMQEHK6WCFA17CG5BXHR0B,6851037a9ead51a2,co.op-replace__co.cat-undefined__co.vd-single__MACCITY.tax-extend__MACCITY.tint-linear__MACCITY.map-cubic,MACCITY,taxmode,extend
01KXPMQEHK6WCFA17CG5BXHR0B,6851037a9ead51a2,co.op-replace__co.cat-undefined__co.vd-single__MACCITY.tax-extend__MACCITY.tint-linear__MACCITY.map-cubic,MACCITY,tintalgo,linear
01KXPMQEHK6WCFA17CG5BXHR0B,6851037a9ead51a2,co.op-replace__co.cat-undefined__co.vd-single__MACCITY.tax-extend__MACCITY.tint-linear__MACCITY.map-cubic,MACCITY,mapalgo,cubic
01KXPMQEHK6WCFA17CG5BXHR0B,c8590fd2351e82dc,co.op-replace__co.cat-undefined__co.vd-single__MACCITY.tax-extend__MACCITY.tint-linear__MACCITY.map-nn,co,operation,replace
01KXPMQEHK6WCFA17CG5BXHR0B,c8590fd2351e82dc,co.op-replace__co.cat-undefined__co.vd-single__MACCITY.tax-extend__MACCITY.tint-linear__MACCITY.map-nn,co,category,undefined
01KXPMQEHK6WCFA17CG5BXHR0B,c8590fd2351e82dc,co.op-replace__co.cat-undefined__co.vd-single__MACCITY.tax-extend__MACCITY.tint-linear__MACCITY.map-nn,co,vdist_method,single
01KXPMQEHK6WCFA17CG5BXHR0B,c8590fd2351e82dc,co.op-replace__co.cat-undefined__co.vd-single__MACCITY.tax-extend__MACCITY.tint-linear__MACCITY.map-nn,MACCITY,taxmode,extend
01KXPMQEHK6WCFA17CG5BXHR0B,c8590fd2351e82dc,co.op-replace__co.cat-undefined__co.vd-single__MACCITY.tax-extend__MACCITY.tint-linear__MACCITY.map-nn,MACCITY,tintalgo,linear
01KXPMQEHK6WCFA17CG5BXHR0B,c8590fd2351e82dc,co.op-replace__co.cat-undefined__co.vd-single__MACCITY.tax-extend__MACCITY.tint-linear__MACCITY.map-nn,MACCITY,mapalgo,nn
01KXPMQEHK6WCFA17CG5BXHR0B,0a28bdd53ff5c586,co.op-replace__co.cat-undefined__co.vd-single__MACCITY.tax-extend__MACCITY.tint-linear__MACCITY.map-passthrough,co,operation,replace
01KXPMQEHK6WCFA17CG5BXHR0B,0a28bdd53ff5c586,co.op-replace__co.cat-undefined__co.vd-single__MACCITY.tax-extend__MACCITY.tint-linear__MACCITY.map-passthrough,co,category,undefined
01KXPMQEHK6WCFA17CG5BXHR0B,0a28bdd53ff5c586,co.op-replace__co.cat-undefined__co.vd-single__MACCITY.tax-extend__MACCITY.tint-linear__MACCITY.map-passthrough,co,vdist_method,single
01KXPMQEHK6WCFA17CG5BXHR0B,0a28bdd53ff5c586,co.op-replace__co.cat-undefined__co.vd-single__MACCITY.tax-extend__MACCITY.tint-linear__MACCITY.map-passthrough,MACCITY,taxmode,extend
01KXPMQEHK6WCFA17CG5BXHR0B,0a28bdd53ff5c586,co.op-replace__co.cat-undefined__co.vd-single__MACCITY.tax-extend__MACCITY.tint-linear__MACCITY.map-passthrough,MACCITY,tintalgo,linear
01KXPMQEHK6WCFA17CG5BXHR0B,0a28bdd53ff5c586,co.op-replace__co.cat-undefined__co.vd-single__MACCITY.tax-extend__MACCITY.tint-linear__MACCITY.map-passthrough,MACCITY,mapalgo,passthrough
01KXPMQEHK6WCFA17CG5BXHR0B,700f9e0aac28673d,co.op-replace__co.cat-undefined__co.vd-single__MACCITY.tax-extend__MACCITY.tint-nearest__MACCITY.map-bilinear,co,operation,replace
01KXPMQEHK6WCFA17CG5BXHR0B,700f9e0aac28673d,co.op-replace__co.cat-undefined__co.vd-single__MACCITY.tax-extend__MACCITY.tint-nearest__MACCITY.map-bilinear,co,category,undefined
01KXPMQEHK6WCFA17CG5BXHR0B,700f9e0aac28673d,co.op-replace__co.cat-undefined__co.vd-single__MACCITY.tax-extend__MACCITY.tint-nearest__MACCITY.map-bilinear,co,vdist_method,single
01KXPMQEHK6WCFA17CG5BXHR0B,700f9e0aac28673d,co.op-replace__co.cat-undefined__co.vd-single__MACCITY.tax-extend__MACCITY.tint-nearest__MACCITY.map-bilinear,MACCITY,taxmode,extend
01KXPMQEHK6WCFA17CG5BXHR0B,700f9e0aac28673d,co.op-replace__co.cat-undefined__co.vd-single__MACCITY.tax-extend__MACCITY.tint-nearest__MACCITY.map-bilinear,MACCITY,tintalgo,nearest
01KXPMQEHK6WCFA17CG5BXHR0B,700f9e0aac28673d,co.op-replace__co.cat-undefined__co.vd-single__MACCITY.tax-extend__MACCITY.tint-nearest__MACCITY.map-bilinear,MACCITY,mapalgo,bilinear
01KXPMQEHK6WCFA17CG5BXHR0B,b639ea558188418f,co.op-replace__co.cat-undefined__co.vd-single__MACCITY.tax-extend__MACCITY.tint-nearest__MACCITY.map-consd,co,operation,replace
01KXPMQEHK6WCFA17CG5BXHR0B,b639ea558188418f,co.op-replace__co.cat-undefined__co.vd-single__MACCITY.tax-extend__MACCITY.tint-nearest__MACCITY.map-consd,co,category,undefined
01KXPMQEHK6WCFA17CG5BXHR0B,b639ea558188418f,co.op-replace__co.cat-undefined__co.vd-single__MACCITY.tax-extend__MACCITY.tint-nearest__MACCITY.map-consd,co,vdist_method,single
01KXPMQEHK6WCFA17CG5BXHR0B,b639ea558188418f,co.op-replace__co.cat-undefined__co.vd-single__MACCITY.tax-extend__MACCITY.tint-nearest__MACCITY.map-consd,MACCITY,taxmode,extend
01KXPMQEHK6WCFA17CG5BXHR0B,b639ea558188418f,co.op-replace__co.cat-undefined__co.vd-single__MACCITY.tax-extend__MACCITY.tint-nearest__MACCITY.map-consd,MACCITY,tintalgo,nearest
01KXPMQEHK6WCFA17CG5BXHR0B,b639ea558188418f,co.op-replace__co.cat-undefined__co.vd-single__MACCITY.tax-extend__MACCITY.tint-nearest__MACCITY.map-consd,MACCITY,mapalgo,consd
01KXPMQEHK6WCFA17CG5BXHR0B,1dae3536d18c4070,co.op-replace__co.cat-undefined__co.vd-single__MACCITY.tax-extend__MACCITY.tint-nearest__MACCITY.map-conss,co,operation,replace
01KXPMQEHK6WCFA17CG5BXHR0B,1dae3536d18c4070,co.op-replace__co.cat-undefined__co.vd-single__MACCITY.tax-extend__MACCITY.tint-nearest__MACCITY.map-conss,co,category,undefined
01KXPMQEHK6WCFA17CG5BXHR0B,1dae3536d18c4070,co.op-replace__co.cat-undefined__co.vd-single__MACCITY.tax-extend__MACCITY.tint-nearest__MACCITY.map-conss,co,vdist_method,single
01KXPMQEHK6WCFA17CG5BXHR0B,1dae3536d18c4070,co.op-replace__co.cat-undefined__co.vd-single__MACCITY.tax-extend__MACCITY.tint-nearest__MACCITY.map-conss,MACCITY,taxmode,extend
01KXPMQEHK6WCFA17CG5BXHR0B,1dae3536d18c4070,co.op-replace__co.cat-undefined__co.vd-single__MACCITY.tax-extend__MACCITY.tint-nearest__MACCITY.map-conss,MACCITY,tintalgo,nearest
01KXPMQEHK6WCFA17CG5BXHR0B,1dae3536d18c4070,co.op-replace__co.cat-undefined__co.vd-single__MACCITY.tax-extend__MACCITY.tint-nearest__MACCITY.map-conss,MACCITY,mapalgo,conss
01KXPMQEHK6WCFA17CG5BXHR0B,96f60c72b4a0ce8e,co.op-replace__co.cat-undefined__co.vd-single__MACCITY.tax-extend__MACCITY.tint-nearest__MACCITY.map-cubic,co,operation,replace
01KXPMQEHK6WCFA17CG5BXHR0B,96f60c72b4a0ce8e,co.op-replace__co.cat-undefined__co.vd-single__MACCITY.tax-extend__MACCITY.tint-nearest__MACCITY.map-cubic,co,category,undefined
01KXPMQEHK6WCFA17CG5BXHR0B,96f60c72b4a0ce8e,co.op-replace__co.cat-undefined__co.vd-single__MACCITY.tax-extend__MACCITY.tint-nearest__MACCITY.map-cubic,co,vdist_method,single
01KXPMQEHK6WCFA17CG5BXHR0B,96f60c72b4a0ce8e,co.op-replace__co.cat-undefined__co.vd-single__MACCITY.tax-extend__MACCITY.tint-nearest__MACCITY.map-cubic,MACCITY,taxmode,extend
01KXPMQEHK6WCFA17CG5BXHR0B,96f60c72b4a0ce8e,co.op-replace__co.cat-undefined__co.vd-single__MACCITY.tax-extend__MACCITY.tint-nearest__MACCITY.map-cubic,MACCITY,tintalgo,nearest
01KXPMQEHK6WCFA17CG5BXHR0B,96f60c72b4a0ce8e,co.op-replace__co.cat-undefined__co.vd-single__MACCITY.tax-extend__MACCITY.tint-nearest__MACCITY.map-cubic,MACCITY,mapalgo,cubic
01KXPMQEHK6WCFA17CG5BXHR0B,4bcf6da1694c95db,co.op-replace__co.cat-undefined__co.vd-single__MACCITY.tax-extend__MACCITY.tint-nearest__MACCITY.map-nn,co,operation,replace
01KXPMQEHK6WCFA17CG5BXHR0B,4bcf6da1694c95db,co.op-replace__co.cat-undefined__co.vd-single__MACCITY.tax-extend__MACCITY.tint-nearest__MACCITY.map-nn,co,category,undefined
01KXPMQEHK6WCFA17CG5BXHR0B,4bcf6da1694c95db,co.op-replace__co.cat-undefined__co.vd-single__MACCITY.tax-extend__MACCITY.tint-nearest__MACCITY.map-nn,co,vdist_method,single
01KXPMQEHK6WCFA17CG5BXHR0B,4bcf6da1694c95db,co.op-replace__co.cat-undefined__co.vd-single__MACCITY.tax-extend__MACCITY.tint-nearest__MACCITY.map-nn,MACCITY,taxmode,extend
01KXPMQEHK6WCFA17CG5BXHR0B,4bcf6da1694c95db,co.op-replace__co.cat-undefined__co.vd-single__MACCITY.tax-extend__MACCITY.tint-nearest__MACCITY.map-nn,MACCITY,tintalgo,nearest
01KXPMQEHK6WCFA17CG5BXHR0B,4bcf6da1694c95db,co.op-replace__co.cat-undefined__co.vd-single__MACCITY.tax-extend__MACCITY.tint-nearest__MACCITY.map-nn,MACCITY,mapalgo,nn
01KXPMQEHK6WCFA17CG5BXHR0B,adc244bf9314e2e0,co.op-replace__co.cat-undefined__co.vd-single__MACCITY.tax-extend__MACCITY.tint-nearest__MACCITY.map-passthrough,co,operation,replace
01KXPMQEHK6WCFA17CG5BXHR0B,adc244bf9314e2e0,co.op-replace__co.cat-undefined__co.vd-single__MACCITY.tax-extend__MACCITY.tint-nearest__MACCITY.map-passthrough,co,category,undefined
01KXPMQEHK6WCFA17CG5BXHR0B,adc244bf9314e2e0,co.op-replace__co.cat-undefined__co.vd-single__MACCITY.tax-extend__MACCITY.tint-nearest__MACCITY.map-passthrough,co,vdist_method,single
01KXPMQEHK6WCFA17CG5BXHR0B,adc244bf9314e2e0,co.op-replace__co.cat-undefined__co.vd-single__MACCITY.tax-extend__MACCITY.tint-nearest__MACCITY.map-passthrough,MACCITY,taxmode,extend
01KXPMQEHK6WCFA17CG5BXHR0B,adc244bf9314e2e0,co.op-replace__co.cat-undefined__co.vd-single__MACCITY.tax-extend__MACCITY.tint-nearest__MACCITY.map-passthrough,MACCITY,tintalgo,nearest
01KXPMQEHK6WCFA17CG5BXHR0B,adc244bf9314e2e0,co.op-replace__co.cat-undefined__co.vd-single__MACCITY.tax-extend__MACCITY.tint-nearest__MACCITY.map-passthrough,MACCITY,mapalgo,passthrough
